monster_id,faction_id,faction,behavior,habitat_policy,exclusion,vendor_id,assignment_risks,original_zone_assignment
1,6,melding,,Melding,,0,empty invocation has unresolved CAIS instance,not recovered
2,1,accord,,Excluded,no representation,0,,not recovered
3,1,accord,,Wilderness,,0,,not recovered
4,1,accord,PlayerPet,Excluded,explicit classifier exclusion,0,,not recovered
5,2,chosen,EliteWanderer(preferredMinCombatDist=20),Melding|Wilderness,,0,,not recovered
6,7,gaea,AggressiveWanderer,Wilderness,,0,,not recovered
7,7,gaea,AggressiveWanderer,Wilderness,,0,,not recovered
8,7,gaea,AggressiveWanderer,Wilderness,,0,,not recovered
9,7,gaea,AggressiveWanderer,Wilderness,,0,,not recovered
10,2,chosen,,Melding|Wilderness,,0,,not recovered
11,7,gaea,AggressiveWanderer,Wilderness,,0,,not recovered
12,7,gaea,AggressiveWanderer,Wilderness,,0,,not recovered
13,7,gaea,AggressiveWanderer,Wilderness,,0,,not recovered
14,7,gaea,AggressiveWanderer,Wilderness,,0,,not recovered
19,6,melding,"GiantMeldingSalamander(maxFlameDuration=2000,maxDurationFromEgg=15000)",Melding,,0,,not recovered
20,1,accord,,Wilderness,,0,,not recovered
21,1,accord,,Excluded,no representation,0,,not recovered
22,2,chosen,,Melding|Wilderness,,0,,not recovered
23,1,accord,,Excluded,no representation,0,,not recovered
24,1,accord,,Excluded,no representation,0,,not recovered
25,1,accord,,Excluded,no representation,0,,not recovered
26,2,chosen,Null,Excluded,explicit classifier exclusion,0,,not recovered
27,1,accord,"AlertAndInteractive(helloScript=""MRU - Sonar On"")",Settlement,,0,,not recovered
28,1,accord,Null,Excluded,explicit classifier exclusion,0,,not recovered
29,1,accord,Null,Excluded,explicit classifier exclusion,0,,not recovered
30,1,accord,Null,Excluded,explicit classifier exclusion,0,,not recovered
31,1,accord,Null,Excluded,explicit classifier exclusion,0,,not recovered
32,1,accord,Null,Excluded,explicit classifier exclusion,0,,not recovered
33,1,accord,Null,Excluded,explicit classifier exclusion,0,,not recovered
34,1,accord,Null,Excluded,explicit classifier exclusion,0,,not recovered
35,1,accord,Null,Excluded,explicit classifier exclusion,0,,not recovered
36,1,accord,Null,Excluded,explicit classifier exclusion,0,,not recovered
37,1,accord,Null,Excluded,explicit classifier exclusion,0,,not recovered
38,1,accord,Null,Excluded,explicit classifier exclusion,0,,not recovered
39,1,accord,Null,Excluded,explicit classifier exclusion,0,,not recovered
40,1,accord,EngineerTurret,Excluded,explicit classifier exclusion,0,,not recovered
41,1,accord,Null,Excluded,explicit classifier exclusion,0,,not recovered
42,2,chosen,Null,Excluded,explicit classifier exclusion,0,,not recovered
43,1,accord,Null,Excluded,explicit classifier exclusion,0,,not recovered
44,2,chosen,Null,Excluded,explicit classifier exclusion,0,,not recovered
47,1,accord,Null,Excluded,explicit classifier exclusion,0,,not recovered
48,1,accord,Null,Excluded,explicit classifier exclusion,0,,not recovered
49,2,chosen,Null,Excluded,explicit classifier exclusion,0,,not recovered
52,7,gaea,Null,Excluded,explicit classifier exclusion,0,,not recovered
53,7,gaea,Null,Excluded,explicit classifier exclusion,0,,not recovered
54,7,gaea,Null,Excluded,explicit classifier exclusion,0,,not recovered
55,1,accord,Null,Excluded,explicit classifier exclusion,0,,not recovered
57,7,gaea,Null,Excluded,explicit classifier exclusion,0,,not recovered
58,1,accord,EngineerTurret,Excluded,explicit classifier exclusion,0,,not recovered
59,2,chosen,EngineerTurret,Excluded,explicit classifier exclusion,0,,not recovered
61,4,friendly,Null,Excluded,explicit classifier exclusion,0,,not recovered
63,2,chosen,EngineerTurret,Excluded,explicit classifier exclusion,0,,not recovered
65,1,accord,EngineerTurret,Excluded,explicit classifier exclusion,0,,not recovered
66,2,chosen,EngineerTurret,Excluded,explicit classifier exclusion,0,,not recovered
68,6,melding,MeldingTornado(abilityWaitTime=3000),Excluded,no representation,0,,not recovered
69,7,gaea,AggressiveWanderer,Wilderness,,0,,not recovered
70,1,accord,AggressiveWanderer,Wilderness,,0,,not recovered
72,2,chosen,AggressiveWanderer,Melding|Wilderness,,0,,not recovered
73,1,accord,AggressiveWanderer,Wilderness,,0,,not recovered
74,6,melding,"StealthVorrax(meleeDist=3, meleeDuration=4000)",Melding,,0,,not recovered
75,1,accord,AggressiveWanderer,Wilderness,,0,,not recovered
76,7,gaea,AggressiveWanderer,Wilderness,,0,,not recovered
77,1,accord,AggressiveWanderer,Wilderness,,0,,not recovered
78,1,accord,AggressiveWanderer,Wilderness,,0,,not recovered
79,2,chosen,AggressiveWanderer,Melding|Wilderness,,0,,not recovered
80,2,chosen,AggressiveWanderer,Melding|Wilderness,,0,,not recovered
81,1,accord,AggressiveWanderer,Wilderness,,0,,not recovered
82,2,chosen,AggressiveWanderer,Melding|Wilderness,,0,,not recovered
83,1,accord,AggressiveWanderer,Wilderness,,0,,not recovered
84,2,chosen,AggressiveWanderer,Melding|Wilderness,,0,,not recovered
85,1,accord,AggressiveWanderer,Wilderness,,0,,not recovered
86,2,chosen,AggressiveWanderer,Melding|Wilderness,,0,,not recovered
87,1,accord,AggressiveWanderer,Wilderness,,0,,not recovered
88,2,chosen,AggressiveWanderer,Melding|Wilderness,,0,,not recovered
89,1,accord,AggressiveWanderer,Wilderness,,0,,not recovered
90,1,accord,Null,Excluded,explicit classifier exclusion,0,,not recovered
91,1,accord,Null,Excluded,explicit classifier exclusion,0,,not recovered
92,1,accord,Null,Excluded,explicit classifier exclusion,0,,not recovered
93,1,accord,Null,Excluded,explicit classifier exclusion,0,,not recovered
94,1,accord,Null,Excluded,explicit classifier exclusion,0,,not recovered
95,1,accord,Null,Excluded,explicit classifier exclusion,0,,not recovered
96,1,accord,Null,Excluded,explicit classifier exclusion,0,,not recovered
97,1,accord,Null,Excluded,explicit classifier exclusion,0,,not recovered
98,1,accord,Null,Excluded,explicit classifier exclusion,0,,not recovered
99,1,accord,Null,Excluded,explicit classifier exclusion,0,,not recovered
100,1,accord,AggressiveWanderer,Wilderness,,0,,not recovered
101,1,accord,AggressiveWanderer,Wilderness,,0,,not recovered
102,2,chosen,AggressiveWanderer,Melding|Wilderness,,0,,not recovered
103,2,chosen,AggressiveWanderer,Melding|Wilderness,,0,,not recovered
104,1,accord,AggressiveWanderer,Wilderness,,0,,not recovered
105,2,chosen,AggressiveWanderer,Melding|Wilderness,,0,,not recovered
106,1,accord,AggressiveWanderer,Wilderness,,0,,not recovered
107,2,chosen,AggressiveWanderer,Melding|Wilderness,,0,,not recovered
108,1,accord,"EngineerTurret(interact=1,interactAbility=""Turret I : Interact to Upgrade"")",Excluded,explicit classifier exclusion,0,,not recovered
109,2,chosen,EngineerTurret,Excluded,explicit classifier exclusion,0,,not recovered
110,1,accord,TraumaDoc,Settlement,,1,vendor location/uniqueness not assigned,not recovered
111,1,accord,Null,Excluded,explicit classifier exclusion,0,,not recovered
112,1,accord,"Arch_MedRangedHumanoid_Base(triggerPullTime=1500,fireRestDuration=1000)",Wilderness,,0,,not recovered
113,2,chosen,TraumaDoc,Settlement|Melding|Wilderness,,0,,not recovered
114,1,accord,TraumaDoc,Settlement,,0,,not recovered
115,1,accord,TraumaDoc,Settlement,,0,,not recovered
116,1,accord,TraumaDoc,Settlement,,0,,not recovered
117,1,accord,TraumaDoc,Settlement,,0,,not recovered
118,1,accord,TraumaDoc,Settlement,,0,,not recovered
119,1,accord,TraumaDoc,Settlement,,0,,not recovered
120,1,accord,TraumaDoc,Settlement,,0,,not recovered
121,1,accord,TraumaDoc,Settlement,,0,,not recovered
122,1,accord,Null,Excluded,explicit classifier exclusion,0,,not recovered
123,1,accord,AggressiveWanderer,Wilderness,,0,,not recovered
124,1,accord,Null,Excluded,explicit classifier exclusion,0,,not recovered
125,7,gaea,AggressiveWanderer,Wilderness,,0,,not recovered
126,1,accord,AggressiveWanderer,Wilderness,,0,,not recovered
127,1,accord,TraumaDoc,Settlement,,0,,not recovered
128,1,accord,TraumaDoc,Settlement,,0,,not recovered
129,1,accord,MRU,Excluded,explicit classifier exclusion,0,,not recovered
130,6,melding,,Melding,,0,,not recovered
131,6,melding,AggressiveWanderer,Melding,,0,,not recovered
132,6,melding,Null,Excluded,explicit classifier exclusion,0,,not recovered
133,6,melding,,Melding,,0,,not recovered
134,6,melding,AggressiveWanderer,Melding,,0,,not recovered
135,6,melding,AggressiveWanderer,Melding,,0,,not recovered
136,7,gaea,AggressiveWanderer,Wilderness,,0,,not recovered
137,1,accord,Null,Excluded,explicit classifier exclusion,0,,not recovered
138,6,melding,AggressiveWanderer,Melding,,0,,not recovered
139,6,melding,AggressiveWanderer,Melding,,0,,not recovered
140,1,accord,Null,Excluded,explicit classifier exclusion,0,,not recovered
141,6,melding,AggressiveWanderer,Melding,,0,,not recovered
142,1,accord,TraumaDoc,Settlement,,0,,not recovered
143,1,accord,Null,Excluded,explicit classifier exclusion,0,,not recovered
144,6,melding,AggressiveWanderer,Melding,,0,,not recovered
145,6,melding,AggressiveWanderer,Melding,,0,,not recovered
146,1,accord,Null,Excluded,explicit classifier exclusion,0,,not recovered
147,6,melding,Null,Excluded,explicit classifier exclusion,0,,not recovered
148,1,accord,Null,Excluded,explicit classifier exclusion,0,,not recovered
149,2,chosen,Null,Excluded,explicit classifier exclusion,0,,not recovered
150,2,chosen,MeldingPuker,Melding|Wilderness,,0,,not recovered
151,7,gaea,AggressiveWanderer,Wilderness,,0,,not recovered
152,1,accord,Null,Excluded,explicit classifier exclusion,0,,not recovered
153,6,melding,Null,Excluded,explicit classifier exclusion,0,,not recovered
154,6,melding,EngineerTurret,Excluded,explicit classifier exclusion,0,,not recovered
155,6,melding,Null,Excluded,explicit classifier exclusion,0,,not recovered
156,6,melding,,Melding,,0,,not recovered
157,6,melding,Null,Excluded,explicit classifier exclusion,0,,not recovered
158,1,accord,TraumaDoc,Settlement,,0,,not recovered
159,6,melding,AggressiveWanderer,Melding,,0,,not recovered
160,6,melding,AggressiveWanderer,Melding,,0,,not recovered
161,6,melding,AggressiveWanderer,Melding,,0,,not recovered
162,6,melding,AggressiveWanderer,Melding,,0,,not recovered
163,6,melding,AggressiveWanderer,Melding,,0,,not recovered
164,6,melding,Null,Excluded,explicit classifier exclusion,0,,not recovered
165,6,melding,AggressiveWanderer,Melding,,0,,not recovered
166,6,melding,Null,Excluded,explicit classifier exclusion,0,,not recovered
167,6,melding,AggressiveWanderer,Melding,,0,,not recovered
168,6,melding,AggressiveWanderer,Melding,,0,,not recovered
169,6,melding,AggressiveWanderer,Melding,,0,,not recovered
170,1,accord,,Wilderness,,0,,not recovered
171,6,melding,AggressiveWanderer,Melding,,0,,not recovered
172,1,accord,Null,Excluded,explicit classifier exclusion,0,,not recovered
173,1,accord,Null,Excluded,explicit classifier exclusion,0,,not recovered
174,1,accord,,Wilderness,,0,,not recovered
175,6,melding,AggressiveWanderer,Melding,,0,,not recovered
176,6,melding,AggressiveWanderer,Melding,,0,,not recovered
177,1,accord,Null,Excluded,explicit classifier exclusion,0,,not recovered
178,7,gaea,AggressiveWanderer,Wilderness,,0,,not recovered
179,7,gaea,"SwarmWanderer(ability=""Leap"", chanceAbilityAttack=0.00, maxDistFromSpawn=30, maxDistJitter=5, swarmRadiusMax=10, swarmRadiusMin=8, maxMeleeCombatBursts=3, attackLimit=3, idleEmoteMinTime=7000, idleEmoteMaxTime=12000, wanderDistance=10)",Wilderness,,0,,not recovered
180,1,accord,Null,Excluded,explicit classifier exclusion,0,,not recovered
181,6,melding,AggressiveWanderer,Melding,,0,,not recovered
182,6,melding,AggressiveWanderer,Melding,,0,,not recovered
183,6,melding,AggressiveWanderer,Melding,,0,,not recovered
184,1,accord,AggressiveWanderer,Wilderness,,0,,not recovered
185,1,accord,"Arch_MedRangedHumanoid_Base(triggerPullTime=1500,fireRestDuration=1000)",Wilderness,,0,,not recovered
186,1,accord,Null,Excluded,explicit classifier exclusion,0,,not recovered
187,1,accord,AggressiveWanderer,Wilderness,,0,,not recovered
188,1,accord,Null,Excluded,explicit classifier exclusion,0,,not recovered
189,1,accord,Null,Excluded,explicit classifier exclusion,0,,not recovered
190,9,neutral,PassiveAttacker,Wilderness,,0,,not recovered
191,1,accord,Null,Excluded,explicit classifier exclusion,0,,not recovered
192,1,accord,Null,Excluded,explicit classifier exclusion,0,,not recovered
193,1,accord,AggressiveWanderer,Wilderness,,0,,not recovered
194,1,accord,Null,Excluded,explicit classifier exclusion,0,,not recovered
195,6,melding,Null,Excluded,explicit classifier exclusion,0,,not recovered
196,4,friendly,,Wilderness,,0,empty invocation has unresolved CAIS instance,not recovered
197,9,neutral,AggressiveWanderer,Wilderness,,0,,not recovered
198,6,melding,AggressiveWanderer,Melding,,0,,not recovered
199,1,accord,AggressiveWanderer,Wilderness,,0,,not recovered
200,1,accord,AggressiveWanderer,Wilderness,,0,,not recovered
201,1,accord,Null,Excluded,explicit classifier exclusion,0,,not recovered
202,1,accord,AggressiveWanderer,Wilderness,,0,,not recovered
203,6,melding,AggressiveWanderer,Melding,,0,,not recovered
204,6,melding,AggressiveWanderer,Melding,,0,,not recovered
205,6,melding,AggressiveWanderer,Melding,,0,,not recovered
206,6,melding,AggressiveWanderer,Melding,,0,,not recovered
207,1,accord,"AlertAndInteractive(interactionType=""HolsterTalk"",emote=""guard"")",Settlement,,0,,not recovered
208,1,accord,"AlertAndInteractive(interactionType=""HolsterTalk"",emote=""townlean1"")",Settlement,,0,pose may require an assigned prop,not recovered
209,1,accord,Null,Excluded,explicit classifier exclusion,0,,not recovered
210,1,accord,"EngineerTurret(interact=1,interactAbility=""Turret II : Interact to Upgrade"")",Excluded,explicit classifier exclusion,0,,not recovered
211,7,gaea,AggressiveWanderer,Wilderness,,0,,not recovered
212,2,chosen,ShotGruntWanderer,Melding|Wilderness,,0,,not recovered
213,6,melding,AggressiveWanderer,Melding,,0,,not recovered
214,7,gaea,AggressiveWanderer,Wilderness,,0,,not recovered
215,6,melding,AggressiveWanderer,Melding,,0,,not recovered
216,6,melding,AggressiveWanderer,Melding,,0,,not recovered
217,7,gaea,AggressiveWanderer,Wilderness,,0,,not recovered
218,7,gaea,Null,Excluded,explicit classifier exclusion,0,,not recovered
219,1,accord,Null,Excluded,explicit classifier exclusion,0,,not recovered
220,6,melding,AggressiveWanderer,Melding,,0,,not recovered
221,1,accord,Null,Excluded,explicit classifier exclusion,0,,not recovered
222,1,accord,Null,Excluded,explicit classifier exclusion,0,,not recovered
223,1,accord,AggressiveWanderer,Wilderness,,0,,not recovered
224,5,monster,AggressiveWanderer,Wilderness,,0,,not recovered
225,7,gaea,AggressiveWanderer,Wilderness,,0,,not recovered
226,1,accord,Null,Excluded,explicit classifier exclusion,0,,not recovered
227,7,gaea,Null,Excluded,explicit classifier exclusion,0,,not recovered
228,7,gaea,Null,Excluded,explicit classifier exclusion,0,,not recovered
229,7,gaea,Null,Excluded,explicit classifier exclusion,0,,not recovered
230,7,gaea,Null,Excluded,explicit classifier exclusion,0,,not recovered
231,1,accord,Null,Excluded,explicit classifier exclusion,0,,not recovered
232,4,friendly,Null,Excluded,explicit classifier exclusion,0,,not recovered
233,1,accord,"Arch_MedRangedHumanoid_Base(triggerPullTime=1500,fireRestDuration=1000)",Wilderness,,0,,not recovered
234,4,friendly,Null,Excluded,explicit classifier exclusion,0,,not recovered
235,1,accord,Null,Excluded,explicit classifier exclusion,0,,not recovered
236,1,accord,TraumaDoc,Settlement,,0,,not recovered
237,7,gaea,"SwarmWanderer(ability=""Roach Leap"", chanceAbilityAttack=0.33, maxDistFromSpawn=45, maxDistJitter=5, swarmRadiusMax=10, swarmRadiusMin=8, maxMeleeCombatBursts=3, attackLimit=3, idleEmoteMinTime=7000, idleEmoteMaxTime=12000, wanderDistance=10) ",Wilderness,,0,,not recovered
238,7,gaea,"SwarmWanderer(ability=""Roach Leap"", chanceAbilityAttack=0.33, maxDistFromSpawn=45, maxDistJitter=5, swarmRadiusMax=10, swarmRadiusMin=8, maxMeleeCombatBursts=3, attackLimit=3, idleEmoteMinTime=7000, idleEmoteMaxTime=12000, wanderDistance=10)",Wilderness,,0,,not recovered
239,7,gaea,,Wilderness,,0,empty invocation has unresolved CAIS instance,not recovered
240,7,gaea,AggressiveWanderer,Wilderness,,0,,not recovered
241,7,gaea,,Wilderness,,0,empty invocation has unresolved CAIS instance,not recovered
242,1,accord,"Arch_MedRangedHumanoid_Base(triggerPullTime=1500,fireRestDuration=1000)",Wilderness,,0,,not recovered
243,7,gaea,,Wilderness,,0,empty invocation has unresolved CAIS instance,not recovered
244,7,gaea,,Wilderness,,0,empty invocation has unresolved CAIS instance,not recovered
245,7,gaea,BetaAranha,Wilderness,,0,,not recovered
246,7,gaea,"SwarmWanderer(ability=""Roach Leap"", chanceAbilityAttack=0.33, maxDistFromSpawn=45, maxDistJitter=5, swarmRadiusMax=10, swarmRadiusMin=8, maxMeleeCombatBursts=3, attackLimit=3, idleEmoteMinTime=7000, idleEmoteMaxTime=12000, wanderDistance=10)",Wilderness,,0,,not recovered
247,7,gaea,"SwarmWanderer(ability=""Roach Leap"", chanceAbilityAttack=0.33, maxDistFromSpawn=45, maxDistJitter=5, swarmRadiusMax=10, swarmRadiusMin=8, maxMeleeCombatBursts=3, attackLimit=3, idleEmoteMinTime=7000, idleEmoteMaxTime=12000, wanderDistance=10)",Wilderness,,0,,not recovered
248,7,gaea,AggressiveWanderer,Wilderness,,0,,not recovered
249,7,gaea,AggressiveWanderer,Wilderness,,0,,not recovered
250,7,gaea,AggressiveWanderer,Wilderness,,0,,not recovered
251,6,melding,Null,Excluded,explicit classifier exclusion,0,,not recovered
252,7,gaea,"SwarmWanderer(ability=""Roach Leap"", chanceAbilityAttack=0.33, maxDistFromSpawn=45, maxDistJitter=5, swarmRadiusMax=10, swarmRadiusMin=8, maxMeleeCombatBursts=3, attackLimit=3, idleEmoteMinTime=7000, idleEmoteMaxTime=12000, wanderDistance=10)",Wilderness,,0,,not recovered
253,7,gaea,"SwarmWanderer(ability=""Leap"", chanceAbilityAttack=0.33, maxDistFromSpawn=30, maxDistJitter=5, swarmRadiusMax=10, swarmRadiusMin=8, maxMeleeCombatBursts=3, attackLimit=3, idleEmoteMinTime=7000, idleEmoteMaxTime=12000, wanderDistance=10)",Wilderness,,0,,not recovered
254,7,gaea,AggressiveWanderer,Wilderness,,0,,not recovered
255,7,gaea,"SwarmWanderer(ability=""Leap"", chanceAbilityAttack=0.00, maxDistFromSpawn=30, maxDistJitter=5, swarmRadiusMax=10, swarmRadiusMin=8, maxMeleeCombatBursts=3, attackLimit=3, idleEmoteMinTime=7000, idleEmoteMaxTime=12000, wanderDistance=10)",Wilderness,,0,,not recovered
256,7,gaea,AggressiveWanderer,Wilderness,,0,,not recovered
257,7,gaea,AggressiveWanderer,Wilderness,,0,,not recovered
258,7,gaea,"SwarmWanderer(ability=""Roach Leap"", chanceAbilityAttack=0.33, maxDistFromSpawn=45, maxDistJitter=5, swarmRadiusMax=10, swarmRadiusMin=8, maxMeleeCombatBursts=3, attackLimit=3, idleEmoteMinTime=7000, idleEmoteMaxTime=12000, wanderDistance=10)",Wilderness,,0,,not recovered
259,7,gaea,AggressiveWanderer,Wilderness,,0,,not recovered
260,6,melding,AggressiveWanderer,Melding,,0,,not recovered
261,7,gaea,AggressiveWanderer,Wilderness,,0,,not recovered
262,6,melding,Null,Excluded,explicit classifier exclusion,0,,not recovered
263,7,gaea,AggressiveWanderer,Wilderness,,0,,not recovered
264,7,gaea,"SwarmWanderer(ability=""Roach Leap"", chanceAbilityAttack=0.33, maxDistFromSpawn=45, maxDistJitter=5, swarmRadiusMax=10, swarmRadiusMin=8, maxMeleeCombatBursts=3, attackLimit=3, idleEmoteMinTime=7000, idleEmoteMaxTime=12000, wanderDistance=10)",Wilderness,,0,,not recovered
265,7,gaea,AggressiveWanderer,Wilderness,,0,,not recovered
266,7,gaea,AggressiveWanderer,Wilderness,,0,,not recovered
267,7,gaea,"SwarmWanderer(ability=""Leap"", chanceAbilityAttack=0.00, maxDistFromSpawn=30, maxDistJitter=5, swarmRadiusMax=10, swarmRadiusMin=8, maxMeleeCombatBursts=3, attackLimit=3, idleEmoteMinTime=7000, idleEmoteMaxTime=12000, wanderDistance=10)",Wilderness,,0,,not recovered
268,6,melding,AggressiveWanderer,Melding,,0,,not recovered
269,7,gaea,"SwarmWanderer(ability=""Roach Leap"", chanceAbilityAttack=0.33, maxDistFromSpawn=45, maxDistJitter=5, swarmRadiusMax=10, swarmRadiusMin=8, maxMeleeCombatBursts=3, attackLimit=3, idleEmoteMinTime=7000, idleEmoteMaxTime=12000, wanderDistance=10)",Wilderness,,0,,not recovered
270,6,melding,,Melding,,0,empty invocation has unresolved CAIS instance,not recovered
271,7,gaea,AggressiveWanderer,Wilderness,,0,,not recovered
272,6,melding,Null,Excluded,explicit classifier exclusion,0,,not recovered
273,6,melding,AggressiveWanderer,Melding,,0,,not recovered
274,6,melding,Null,Excluded,explicit classifier exclusion,0,,not recovered
275,1,accord,DoorUpInteract,Excluded,explicit classifier exclusion,0,,not recovered
276,7,gaea,EliteWanderer,Wilderness,,0,,not recovered
277,7,gaea,GruntWanderer,Wilderness,,0,,not recovered
278,6,melding,MedicWanderer,Melding,,0,,not recovered
279,1,accord,"Arch_MedRangedHumanoid_Base(triggerPullTime=1500,fireRestDuration=1000)",Wilderness,,0,,not recovered
280,1,accord,"Arch_MedRangedHumanoid_Base(triggerPullTime=1500,fireRestDuration=1000)",Wilderness,,0,,not recovered
281,2,chosen,,Melding|Wilderness,,0,empty invocation has unresolved CAIS instance,not recovered
282,1,accord,"Arch_MedRangedHumanoid_Base(triggerPullTime=1500,fireRestDuration=1000)",Wilderness,,0,,not recovered
283,1,accord,"Arch_MedRangedHumanoid_Base(triggerPullTime=1500,fireRestDuration=1000)",Wilderness,,0,,not recovered
284,1,accord,"Arch_MedRangedHumanoid_Base(triggerPullTime=1500,fireRestDuration=1000)",Wilderness,,0,,not recovered
285,1,accord,"Arch_MedRangedHumanoid_Base(triggerPullTime=1500,fireRestDuration=1000)",Wilderness,,0,,not recovered
286,1,accord,"Arch_MedRangedHumanoid_Base(triggerPullTime=1500,fireRestDuration=1000)",Wilderness,,0,,not recovered
287,7,gaea,"SwarmWanderer(ability=""Roach Leap"", chanceAbilityAttack=0.33, maxDistFromSpawn=45, maxDistJitter=5, swarmRadiusMax=10, swarmRadiusMin=8, maxMeleeCombatBursts=3, attackLimit=3, idleEmoteMinTime=7000, idleEmoteMaxTime=12000, wanderDistance=10)",Wilderness,,0,,not recovered
288,1,accord,"Arch_MedRangedHumanoid_Base(triggerPullTime=1500,fireRestDuration=1000)",Wilderness,,0,,not recovered
289,2,chosen,EliteWanderer,Melding|Wilderness,,0,,not recovered
290,1,accord,"Arch_MedRangedHumanoid_Base(triggerPullTime=1500,fireRestDuration=1000)",Wilderness,,0,,not recovered
291,1,accord,"Arch_MedRangedHumanoid_Base(triggerPullTime=1500,fireRestDuration=1000)",Wilderness,,0,,not recovered
292,1,accord,"Arch_MedRangedHumanoid_Base(triggerPullTime=1500,fireRestDuration=1000)",Wilderness,,0,,not recovered
293,1,accord,"Arch_MedRangedHumanoid_Base(triggerPullTime=1500,fireRestDuration=1000)",Wilderness,,0,,not recovered
294,1,accord,"Arch_MedRangedHumanoid_Base(triggerPullTime=1500,fireRestDuration=1000)",Wilderness,,0,,not recovered
295,1,accord,"Arch_MedRangedHumanoid_Base(triggerPullTime=1500,fireRestDuration=1000)",Wilderness,,0,,not recovered
296,1,accord,"Arch_MedRangedHumanoid_Base(triggerPullTime=1500,fireRestDuration=1000)",Wilderness,,0,,not recovered
297,1,accord,"Arch_MedRangedHumanoid_Base(triggerPullTime=1500,fireRestDuration=1000)",Wilderness,,0,,not recovered
298,1,accord,,Wilderness,,0,,not recovered
299,1,accord,,Wilderness,,0,,not recovered
300,1,accord,,Wilderness,,0,,not recovered
301,1,accord,,Wilderness,,0,,not recovered
302,1,accord,,Wilderness,,0,,not recovered
303,1,accord,,Wilderness,,0,,not recovered
304,1,accord,,Wilderness,,0,,not recovered
305,1,accord,,Wilderness,,0,,not recovered
306,1,accord,,Wilderness,,0,,not recovered
307,1,accord,,Wilderness,,0,,not recovered
308,1,accord,,Wilderness,,0,,not recovered
309,1,accord,,Wilderness,,0,,not recovered
310,1,accord,PlayerPet,Excluded,explicit classifier exclusion,0,,not recovered
311,1,accord,,Wilderness,,0,,not recovered
312,1,accord,,Wilderness,,0,,not recovered
313,1,accord,,Wilderness,,0,,not recovered
314,6,melding,"FireHisser(burrowDuration=3000, flutterAbilityId=85162, flutterDuration=3500, flutterCooldown=5000, slopeCheckInterval=1000, flutterDist=30)",Melding,,0,,not recovered
315,1,accord,"Arch_MedRangedHumanoid_Base(triggerPullTime=1500,fireRestDuration=1000)",Wilderness,,0,,not recovered
316,1,accord,"Arch_MedRangedHumanoid_Base(triggerPullTime=1500,fireRestDuration=1000)",Wilderness,,0,,not recovered
317,1,accord,"Arch_MedRangedHumanoid_Base(triggerPullTime=1500,fireRestDuration=1000)",Wilderness,,0,,not recovered
318,1,accord,,Wilderness,,0,,not recovered
319,1,accord,"Arch_MedRangedHumanoid_Base(triggerPullTime=1500,fireRestDuration=1000)",Wilderness,,0,,not recovered
320,1,accord,,Wilderness,,0,,not recovered
321,1,accord,,Excluded,no representation,0,,not recovered
322,1,accord,,Excluded,no representation,0,,not recovered
323,1,accord,EngineerTurret,Excluded,explicit classifier exclusion,0,,not recovered
324,1,accord,,Wilderness,,0,,not recovered
325,2,chosen,EliteWanderer,Melding|Wilderness,,0,,not recovered
326,2,chosen,,Melding|Wilderness,,0,empty invocation has unresolved CAIS instance,not recovered
327,2,chosen,"Arch_MedRangedHumanoid_Base(triggerPullTime=1500,fireRestDuration=2500,combatDist=30)",Melding|Wilderness,,0,,not recovered
328,2,chosen,GruntWanderer,Melding|Wilderness,,0,,not recovered
329,2,chosen,EliteWanderer(preferredMinCombatDist=22),Melding|Wilderness,,0,,not recovered
330,1,accord,,Excluded,no representation,0,,not recovered
331,6,melding,GruntWanderer,Melding,,0,,not recovered
332,2,chosen,EliteBaseSieger,Melding|Wilderness,,0,,not recovered
333,2,chosen,EliteWanderer,Melding|Wilderness,,0,,not recovered
334,2,chosen,EngineerTurret,Excluded,explicit classifier exclusion,0,,not recovered
335,4,friendly,Elevator,Excluded,explicit classifier exclusion,0,,not recovered
336,1,accord,,Excluded,no representation,0,,not recovered
337,1,accord,,Excluded,no representation,0,,not recovered
338,2,chosen,EliteWanderer,Melding|Wilderness,,0,,not recovered
339,1,accord,EngineerTurret,Excluded,explicit classifier exclusion,0,,not recovered
340,2,chosen,EliteWanderer,Melding|Wilderness,,0,,not recovered
341,7,gaea,SwarmQueen,Wilderness,,0,,not recovered
342,2,chosen,"EliteWanderer(preferredMinCombatDist=40,deployableBias=3)",Melding|Wilderness,,0,,not recovered
343,1,accord,,Excluded,no representation,0,,not recovered
344,1,accord,CivilianDialog,Settlement,,0,,not recovered
345,4,friendly,PassiveAttacker,Wilderness,,0,,not recovered
346,1,accord,,Excluded,no representation,0,,not recovered
347,7,gaea,ThresherTailWhipper,Wilderness,,0,,not recovered
348,7,gaea,,Wilderness,,0,empty invocation has unresolved CAIS instance,not recovered
349,1,accord,,Excluded,no representation,0,,not recovered
350,6,melding,EliteWanderer(preferredMinCombatDist=20),Melding,,0,,not recovered
351,1,accord,Null,Excluded,explicit classifier exclusion,0,,not recovered
352,2,chosen,EliteWanderer(preferredMinCombatDist=5),Melding|Wilderness,,0,,not recovered
353,7,gaea,,Wilderness,,0,,not recovered
354,1,accord,,Excluded,no representation,0,,not recovered
355,1,accord,,Excluded,no representation,0,,not recovered
356,1,accord,"AlertAndInteractive(emote=""gesture1"",emoteDuration=-1)",Settlement,,0,,not recovered
357,1,accord,CivilianDialog(private_id=10474),Settlement,,0,,not recovered
358,1,accord,"AlertAndInteractive(factions=""Accord"", interactionType=""GENERIC"" )",Settlement,,0,,not recovered
359,2,chosen,EliteWanderer(preferredMinCombatDist=22),Melding|Wilderness,,0,,not recovered
360,1,accord,"Arch_MedRangedHumanoid_Base(reviveOn=true,triggerPullTime=1500,fireRestDuration=500)",Wilderness,,0,,not recovered
361,1,accord,"Arch_MedRangedHumanoid_Base(reviveOn=true,triggerPullTime=1500,fireRestDuration=500)",Wilderness,,0,,not recovered
362,1,accord,"Arch_MedRangedHumanoid_Base(reviveOn=true,triggerPullTime=1500,fireRestDuration=500)",Wilderness,,0,,not recovered
363,1,accord,"Arch_MedRangedHumanoid_Base(reviveOn=true,triggerPullTime=1500,fireRestDuration=500)",Wilderness,,0,,not recovered
364,1,accord,"Arch_MedRangedHumanoid_Base(reviveOn=true,triggerPullTime=1500,fireRestDuration=500)",Wilderness,,0,,not recovered
365,1,accord,"Arch_MedRangedHumanoid_Base(reviveOn=true,triggerPullTime=1500,fireRestDuration=500)",Wilderness,,0,,not recovered
366,1,accord,"Arch_MedRangedHumanoid_Base(reviveOn=true,triggerPullTime=1500,fireRestDuration=500)",Wilderness,,0,,not recovered
367,1,accord,"Arch_MedRangedHumanoid_Base(reviveOn=true,triggerPullTime=1500,fireRestDuration=500)",Wilderness,,0,,not recovered
368,1,accord,,Wilderness,,0,,not recovered
369,1,accord,,Wilderness,,0,,not recovered
370,1,accord,,Wilderness,,0,,not recovered
371,1,accord,,Wilderness,,0,,not recovered
372,1,accord,,Wilderness,,0,,not recovered
373,1,accord,"Arch_MedRangedHumanoid_Base(triggerPullTime=1500,fireRestDuration=1000)",Wilderness,,0,,not recovered
374,1,accord,"Arch_MedRangedHumanoid_Base(triggerPullTime=1500,fireRestDuration=1000)",Wilderness,,0,,not recovered
375,7,gaea,AggressiveWanderer,Wilderness,,0,,not recovered
376,1,accord,,Wilderness,,0,,not recovered
377,1,accord,,Wilderness,,0,,not recovered
378,1,accord,,Wilderness,,0,,not recovered
379,1,accord,,Wilderness,,0,,not recovered
380,1,accord,,Wilderness,,0,,not recovered
381,1,accord,,Wilderness,,0,,not recovered
382,1,accord,Null,Excluded,explicit classifier exclusion,0,,not recovered
383,1,accord,,Excluded,no representation,0,,not recovered
384,7,gaea,BetaAranha,Wilderness,,0,,not recovered
385,1,accord,Null,Excluded,explicit classifier exclusion,0,,not recovered
386,7,gaea,,Wilderness,,0,empty invocation has unresolved CAIS instance,not recovered
387,7,gaea,,Wilderness,,0,empty invocation has unresolved CAIS instance,not recovered
388,7,gaea,Wander,Wilderness,,0,,not recovered
389,1,accord,EngineerTurret,Excluded,explicit classifier exclusion,0,,not recovered
390,7,gaea,"SandThresher(leashDistance=100, aggroDistance=15)",Wilderness,,0,,not recovered
391,2,chosen,ChosenTrooper,Melding|Wilderness,,0,,not recovered
392,2,chosen,ChosenJuggernaut,Melding|Wilderness,,0,,not recovered
393,1,accord,AggressiveWanderer,Wilderness,,0,,not recovered
394,4,friendly,PassiveAttacker,Wilderness,,0,,not recovered
395,2,chosen,EliteWanderer(preferredMinCombatDist=20),Melding|Wilderness,,0,,not recovered
396,1,accord,,Wilderness,,0,,not recovered
397,1,accord,,Wilderness,,0,,not recovered
398,1,accord,,Wilderness,,0,,not recovered
399,4,friendly,Null,Excluded,explicit classifier exclusion,0,,not recovered
400,1,accord,,Excluded,no representation,0,,not recovered
401,4,friendly,SwarmWanderer,Wilderness,,0,,not recovered
402,1,accord,,Excluded,no representation,0,,not recovered
403,1,accord,PassivePet,Excluded,explicit classifier exclusion,0,,not recovered
404,1,accord,CivilianDialog,Settlement,,0,,not recovered
405,1,accord,AggressiveWanderer,Excluded,no representation,0,,not recovered
406,2,chosen,CraterTest,Excluded,explicit classifier exclusion,0,,not recovered
407,6,melding,AggressiveWanderer,Melding,,0,,not recovered
408,6,melding,AggressiveWanderer,Melding,,0,,not recovered
409,2,chosen,Arch_AdditiveMelee_Base,Melding|Wilderness,,0,,not recovered
410,7,gaea,AvoidMatt,Excluded,explicit classifier exclusion,0,,not recovered
411,7,gaea,AlphaAranha,Wilderness,,0,,not recovered
412,7,gaea,AlphaAranha,Wilderness,,0,,not recovered
413,7,gaea,SwarmWanderer,Wilderness,,0,,not recovered
414,7,gaea,Wander,Wilderness,,0,,not recovered
415,7,gaea,"SandThresher(leashDist=100, aggroDist=15)",Wilderness,,0,,not recovered
416,7,gaea,"SandThresher(leashDistance=100, aggroDistance=15)",Wilderness,,0,,not recovered
417,7,gaea,Mosquito(fireDuration=1500),Wilderness,,0,,not recovered
418,7,gaea,Mosquito,Wilderness,,0,,not recovered
419,7,gaea,SwarmWanderer,Wilderness,,0,,not recovered
420,1,accord,CivilianDialog(private_id=10474),Settlement,,0,,not recovered
421,1,accord,CivilianDialog(private_id=10474),Settlement,,0,,not recovered
422,1,accord,CivilianDialog(private_id=10474),Settlement,,0,,not recovered
423,1,accord,CivilianDialog(private_id=10474),Settlement,,0,,not recovered
424,1,accord,CivilianDialog(private_id=10474),Settlement,,0,,not recovered
425,1,accord,CivilianDialog(private_id=10474),Settlement,,0,,not recovered
426,1,accord,CivilianDialog(private_id=10474),Settlement,,0,,not recovered
427,1,accord,CivilianDialog(private_id=10474),Settlement,,0,,not recovered
428,1,accord,CivilianDialog(private_id=10474),Settlement,,0,,not recovered
429,7,gaea,SuicideWanderer,Wilderness,,0,,not recovered
430,7,gaea,,Wilderness,,0,empty invocation has unresolved CAIS instance,not recovered
431,7,gaea,SuicideWanderer,Wilderness,,0,,not recovered
432,7,gaea,BetaAranha,Wilderness,,0,,not recovered
433,7,gaea,,Wilderness,,0,empty invocation has unresolved CAIS instance,not recovered
434,7,gaea,AggressiveWanderer,Wilderness,,0,,not recovered
435,7,gaea,BetaAranha,Wilderness,,0,,not recovered
436,7,gaea,,Wilderness,,0,empty invocation has unresolved CAIS instance,not recovered
437,7,gaea,BetaAranha,Wilderness,,0,,not recovered
438,6,melding,BetaAranha,Melding,,0,,not recovered
439,6,melding,BetaAranha,Melding,,0,,not recovered
440,6,melding,BetaAranha,Melding,,0,,not recovered
441,7,gaea,BetaAranha,Wilderness,,0,,not recovered
442,7,gaea,BetaAranha,Wilderness,,0,,not recovered
443,7,gaea,BetaAranha,Wilderness,,0,,not recovered
444,5,monster,EliteBaseAttacker,Wilderness,,0,,not recovered
445,2,chosen,"EliteStationary(preferredMinCombatDist=40, deployableMaxRange=0, resourceNodeMaxRange=0, wanderDistance=10, leashDistance=40, deployableBias=0.25)",Melding|Wilderness,,0,,not recovered
446,7,gaea,SuicideWanderer,Wilderness,,0,,not recovered
447,1,accord,,Wilderness,,0,,not recovered
448,7,gaea,,Wilderness,,0,empty invocation has unresolved CAIS instance,not recovered
449,7,gaea,,Wilderness,,0,empty invocation has unresolved CAIS instance,not recovered
450,1,accord,SeekAndPlay,Wilderness,,0,,not recovered
451,1,accord,,Wilderness,,0,,not recovered
452,7,gaea,"Scarab(rollChance=1, rollCooldown=6000, rollDuration=3000, rollSpeedMult=4, shockwaveAbilityId=85161, shockwaveChance=0.0, meleeChance=0.5, meleeDist=12, meleeDuration=3000, meleeCooldown=3000, meleeSpeedMult=1.25, rangedChance=1.0)",Wilderness,,0,,not recovered
453,2,chosen,MeleeGruntWanderer,Melding|Wilderness,,0,,not recovered
454,1,accord,PassivePet,Excluded,explicit classifier exclusion,0,,not recovered
455,2,chosen,EliteWanderer(preferredMinCombatDist=20),Melding|Wilderness,,0,,not recovered
456,1,accord,,Wilderness,,0,,not recovered
457,1,accord,,Wilderness,,0,,not recovered
458,1,accord,,Wilderness,,0,,not recovered
459,1,accord,"PeacetimeCityWanderer(city_prefix=""WanderPoint"", flee_prefix=""Flee City"")",Settlement,,0,route/follow/named-point assignment missing,not recovered
460,1,accord,,Wilderness,,0,,not recovered
461,1,accord,,Wilderness,,0,,not recovered
462,1,accord,,Wilderness,,0,,not recovered
463,1,accord,,Wilderness,,0,,not recovered
464,1,accord,,Wilderness,,0,,not recovered
465,1,accord,,Wilderness,,0,,not recovered
466,1,accord,,Wilderness,,0,,not recovered
467,1,accord,,Wilderness,,0,,not recovered
468,1,accord,,Wilderness,,0,,not recovered
469,1,accord,,Wilderness,,0,,not recovered
470,1,accord,,Wilderness,,0,,not recovered
471,1,accord,,Wilderness,,0,,not recovered
472,1,accord,,Wilderness,,0,,not recovered
473,1,accord,,Wilderness,,0,,not recovered
474,1,accord,,Wilderness,,0,,not recovered
475,1,accord,,Wilderness,,0,,not recovered
476,1,accord,,Wilderness,,0,,not recovered
477,1,accord,,Wilderness,,0,,not recovered
478,1,accord,,Wilderness,,0,,not recovered
479,1,accord,,Wilderness,,0,,not recovered
480,7,gaea,AggressiveWanderer,Wilderness,,0,,not recovered
481,1,accord,,Wilderness,,0,,not recovered
482,2,chosen,HeavyWanderer(preferredMinCombatDist=40),Melding|Wilderness,,0,,not recovered
483,7,gaea,SwarmWanderer,Wilderness,,0,,not recovered
484,2,chosen,Mosquito(fireDuration=2000),Melding|Wilderness,,0,,not recovered
485,2,chosen,EliteWanderer,Melding|Wilderness,,0,,not recovered
486,7,gaea,BetaAranha,Wilderness,,0,,not recovered
487,6,melding,"Arch_FullbodyMelee_Base(combatDist=2,makesWideTurns=true,wideTurnRadius=5)",Melding,,0,,not recovered
488,1,accord,Null,Excluded,explicit classifier exclusion,0,,not recovered
489,1,accord,Null,Excluded,explicit classifier exclusion,10001,,not recovered
490,4,friendly,"Mosquito(grounded=false, hurtAvoidance=false)",Wilderness,,0,unsupported locomotion/spawn volume,not recovered
491,1,accord,Null,Excluded,explicit classifier exclusion,0,,not recovered
492,1,accord,Null,Excluded,explicit classifier exclusion,0,,not recovered
493,7,gaea,BetaAranha,Wilderness,,0,,not recovered
494,1,accord,"Arch_MedRangedHumanoid_Base(triggerPullTime=1500,fireRestDuration=1000)",Wilderness,,0,,not recovered
495,1,accord,"Arch_MedRangedHumanoid_Base(triggerPullTime=1500,fireRestDuration=1000)",Wilderness,,0,,not recovered
496,1,accord,"Arch_MedRangedHumanoid_Base(triggerPullTime=1500,fireRestDuration=1000)",Wilderness,,0,,not recovered
497,1,accord,"Arch_MedRangedHumanoid_Base(triggerPullTime=1500,fireRestDuration=1000)",Wilderness,,0,,not recovered
498,1,accord,"Arch_MedRangedHumanoid_Base(triggerPullTime=1500,fireRestDuration=1000)",Wilderness,,0,,not recovered
499,1,accord,"Arch_MedRangedHumanoid_Base(triggerPullTime=1500,fireRestDuration=1000)",Wilderness,,0,,not recovered
500,1,accord,"Arch_MedRangedHumanoid_Base(triggerPullTime=1500,fireRestDuration=1000)",Wilderness,,0,,not recovered
501,1,accord,"Arch_MedRangedHumanoid_Base(triggerPullTime=1500,fireRestDuration=1000)",Wilderness,,0,,not recovered
502,1,accord,"AlertAndInteractive(interactionType=""HolsterTalk"",greetingSet=225)",Settlement,,0,,not recovered
503,1,accord,,Wilderness,,0,,not recovered
504,1,accord,,Wilderness,,0,,not recovered
505,7,gaea,,Wilderness,,0,empty invocation has unresolved CAIS instance,not recovered
506,7,gaea,ThresherSpitter,Wilderness,,0,,not recovered
507,7,gaea,"Arch_Charger_Base(chargeEffect=1385,chargeSpeedMultiplier=4,chargeWindupDuration=1200,chargeRestDuration=1200)",Wilderness,,0,,not recovered
508,1,accord,CivilianDialog(private_id=10474),Settlement,,0,,not recovered
509,1,accord, ,Excluded,no representation,0,,not recovered
510,1,accord,StationaryCivilianDialog(private_id=10474),Settlement,,0,,not recovered
511,1,accord,,Wilderness,,0,,not recovered
512,8,bandit,,Wilderness,,0,empty invocation has unresolved CAIS instance,not recovered
513,8,bandit,,Wilderness,,0,empty invocation has unresolved CAIS instance,not recovered
514,8,bandit,,Wilderness,,0,empty invocation has unresolved CAIS instance,not recovered
515,1,accord,"AlertAndInteractive(interactionType=""HolsterTalk"")",Settlement,,0,,not recovered
516,1,accord,,Wilderness,,0,,not recovered
517,1,accord,,Wilderness,,0,,not recovered
518,1,accord,,Wilderness,,0,,not recovered
519,1,accord,,Wilderness,,0,,not recovered
520,1,accord,,Wilderness,,0,,not recovered
521,1,accord,,Wilderness,,0,,not recovered
522,1,accord,,Wilderness,,0,,not recovered
523,1,accord,,Wilderness,,0,,not recovered
524,1,accord,,Wilderness,,0,,not recovered
525,1,accord,,Wilderness,,0,,not recovered
526,1,accord,"Arch_MedRangedHumanoid_Base(triggerPullTime=1500,fireRestDuration=1000)",Wilderness,,0,,not recovered
527,6,melding,SwarmWanderer,Melding,,0,,not recovered
528,6,melding,,Melding,,0,empty invocation has unresolved CAIS instance,not recovered
529,8,bandit,,Wilderness,,0,empty invocation has unresolved CAIS instance,not recovered
530,8,bandit,EliteWanderer(preferredMinCombatDist=20),Wilderness,,0,,not recovered
531,8,bandit,EliteWanderer(preferredMinCombatDist=20),Wilderness,,0,,not recovered
532,8,bandit,"SiegebreakerWithCharge(walk=false,abilityRate=0,triggerPullTime=5000)",Wilderness,,0,,not recovered
533,2,chosen,EliteWanderer(preferredMinCombatDist=20),Melding|Wilderness,,0,,not recovered
534,2,chosen,MeleeGruntWanderer,Melding|Wilderness,,0,,not recovered
535,7,gaea,Beetle,Wilderness,,0,,not recovered
536,1,accord,MeleeGruntWanderer,Wilderness,,0,,not recovered
537,1,accord,CivilianDialog(private_id=10790),Settlement,,0,,not recovered
538,6,melding,"StockMelee(speedMultiplier=1.5, maxDist=0.8)",Melding,,0,,not recovered
539,1,accord,AggressiveWanderer,Wilderness,,0,,not recovered
540,1,accord,Null,Excluded,explicit classifier exclusion,0,,not recovered
541,2,chosen,AggressiveWanderer,Melding|Wilderness,,0,,not recovered
542,6,melding,PassiveWanderer,Melding,,0,,not recovered
543,2,chosen,ChosenEngineerDrone,Melding|Wilderness,,0,,not recovered
544,1,accord,,Wilderness,,0,,not recovered
545,2,chosen,ShotGruntWanderer,Melding|Wilderness,,0,,not recovered
546,1,accord,CivilianDialog,Settlement,,0,,not recovered
547,1,accord,EliteWanderer(preferredMinCombatDist=3.5),Wilderness,,0,,not recovered
548,2,chosen,"Arch_MoveThenFire_Base(am1Id=86132,am1Timeout=6000,am1Facing=true,am1Targeted=true,am1Cooldown=8000,combatWalk=true,combatDist=30)",Melding|Wilderness,,0,,not recovered
549,7,gaea,AggressiveWanderer,Wilderness,,0,,not recovered
550,7,gaea,AggressiveWanderer,Wilderness,,0,,not recovered
551,1,accord,"PeacetimeCityWanderer(city_prefix=""WanderPoint"", flee_prefix=""Flee City"")",Settlement,,0,route/follow/named-point assignment missing,not recovered
552,6,melding,"MeldingTornadoMoveStage2(type1=415, type2=19,abilityWaitTime=500,startWaitDuration=5000,aimChance=0.66)",Melding,,0,,not recovered
553,6,melding,Null,Excluded,explicit classifier exclusion,0,,not recovered
554,6,melding,,Melding,,0,empty invocation has unresolved CAIS instance,not recovered
555,6,melding,SmallMeldingSalamander(meleeRange=2),Melding,,0,,not recovered
556,1,accord,,Wilderness,,0,,not recovered
557,1,accord,ProtectVehicle(vehicleType=35),Wilderness,,0,route/follow/named-point assignment missing,not recovered
558,4,friendly,PassiveAttacker,Wilderness,,0,,not recovered
559,6,melding,Null,Excluded,explicit classifier exclusion,0,,not recovered
560,6,melding,Null,Excluded,explicit classifier exclusion,0,,not recovered
561,6,melding,Null,Excluded,explicit classifier exclusion,0,,not recovered
562,6,melding,,Melding,,0,empty invocation has unresolved CAIS instance,not recovered
563,1,accord,,Wilderness,,0,,not recovered
564,2,chosen,AggressiveWanderer,Melding|Wilderness,,0,,not recovered
565,6,melding,Null,Excluded,explicit classifier exclusion,0,,not recovered
566,1,accord,,Wilderness,,0,,not recovered
567,4,friendly,PassivePet,Excluded,explicit classifier exclusion,0,,not recovered
568,4,friendly,PassivePet,Excluded,explicit classifier exclusion,0,,not recovered
569,4,friendly,,Wilderness,,0,empty invocation has unresolved CAIS instance,not recovered
570,1,accord,AlertAndInteractive,Settlement,,0,,not recovered
571,2,chosen,EliteWanderer(preferredMinCombatDist=20),Melding|Wilderness,,0,,not recovered
572,2,chosen,"Arch_MedRangedHumanoid_Base(am1Id=77721,am1Cooldown=10000,am1Chance=0.7,am1Timeout=2000,triggerPullTime=800,fireRestDuration=1500)",Melding|Wilderness,,0,,not recovered
573,2,chosen,EliteWanderer,Melding|Wilderness,,0,,not recovered
574,5,monster,Null,Excluded,explicit classifier exclusion,0,,not recovered
575,5,monster,EliteWanderer(preferredMinCombatDist=20),Wilderness,,0,,not recovered
576,5,monster,Null,Excluded,explicit classifier exclusion,0,,not recovered
577,1,accord,,Wilderness,,0,,not recovered
578,4,friendly,,Wilderness,,0,empty invocation has unresolved CAIS instance,not recovered
579,4,friendly,,Wilderness,,0,empty invocation has unresolved CAIS instance,not recovered
580,7,gaea,ThresherTailWhipper,Wilderness,,0,,not recovered
581,1,accord,PeacetimeCityWandererWithHealing,Settlement,,0,,not recovered
582,9,neutral,,Wilderness,,0,empty invocation has unresolved CAIS instance,not recovered
583,5,monster,Brontodon,Wilderness,,0,,not recovered
584,9,neutral,,Wilderness,,0,empty invocation has unresolved CAIS instance,not recovered
585,7,gaea,,Wilderness,,0,empty invocation has unresolved CAIS instance,not recovered
586,9,neutral,,Wilderness,,0,empty invocation has unresolved CAIS instance,not recovered
587,9,neutral,"Wander(nearSpawn=true,distance=12)",Wilderness,,0,,not recovered
588,7,gaea,"Arch_MoveThenFire_Base(combatDist=25,stopAimPostShot=true,triggerPullTime=1000,fireRestDuration=3000)",Wilderness,,0,,not recovered
589,7,gaea,FeralCanineSquad,Wilderness,,0,,not recovered
590,7,gaea,BetaAranha,Wilderness,,0,,not recovered
591,8,bandit,EliteWanderer(preferredMinCombatDist=5),Wilderness,,0,,not recovered
592,8,bandit,EliteWanderer(preferredMinCombatDist=20),Wilderness,,0,,not recovered
593,8,bandit,EliteWanderer(preferredMinCombatDist=20),Wilderness,,0,,not recovered
594,8,bandit,EliteWanderer(preferredMinCombatDist=20),Wilderness,,0,,not recovered
595,8,bandit,"SiegebreakerWithCharge(walk=false,abilityRate=0,triggerPullTime=5000)",Wilderness,,0,,not recovered
596,7,gaea,Argonaut,Wilderness,,0,,not recovered
597,1,accord,AlertAndInteractive,Settlement,,0,,not recovered
598,2,chosen,Arch_Brute_Acolyte_Base,Melding|Wilderness,,0,,not recovered
599,6,melding,,Melding,,0,,not recovered
600,6,melding,,Melding,,0,empty invocation has unresolved CAIS instance,not recovered
601,7,gaea,MeldingAcolyte(normalAtkProb=0.6),Melding,,0,,not recovered
602,6,melding,Mosquito(fireDuration=2500),Melding,,0,,not recovered
603,6,melding,Mosquito(fireDuration=2500),Melding,,0,,not recovered
604,6,melding,Mosquito(fireDuration=2500),Melding,,0,,not recovered
605,1,accord,"AlertAndInteractive(interactionType=""HolsterTalk"")",Settlement,,0,,not recovered
606,1,accord,StationaryCivilianDialog(private_id=10474),Settlement,,0,,not recovered
607,1,accord,"AlertAndInteractive(interactionType=""GENERIC"")",Settlement,,0,,not recovered
608,1,accord,"AlertAndInteractive(greetingSet=311, leashToSpawn=true, despawnWhenStuck=true)",Settlement,,17,vendor location/uniqueness not assigned,not recovered
609,9,neutral,Brontodon,Wilderness,,0,,not recovered
610,1,accord,,Wilderness,,0,,not recovered
611,8,bandit,EliteWanderer(preferredMinCombatDist=5),Wilderness,,0,,not recovered
612,1,accord,AlertAndInteractive(dialogScript=10551),Settlement,,11,vendor location/uniqueness not assigned,not recovered
613,7,gaea,,Wilderness,,0,empty invocation has unresolved CAIS instance,not recovered
614,4,friendly,"AlertAndInteractive(interactionType=""GENERIC"")",Settlement,,0,,not recovered
615,9,neutral,Squawwk(baseSpeedMult=1.35),Wilderness,,0,,not recovered
616,7,gaea,FeralCanineSquad,Wilderness,,0,,not recovered
617,1,accord,AggressiveWanderer,Wilderness,,0,,not recovered
618,4,friendly,,Wilderness,,0,empty invocation has unresolved CAIS instance,not recovered
619,1,accord,Null,Excluded,explicit classifier exclusion,0,,not recovered
620,1,accord,AlertAndInteractive(dialogScript=10551'),Settlement,,11,vendor location/uniqueness not assigned,not recovered
621,1,accord,AlertAndInteractive(dialogScript=10551'),Settlement,,11,vendor location/uniqueness not assigned,not recovered
622,9,neutral,AlertAndInteractive(dialogScript=10551'),Settlement,,11,vendor location/uniqueness not assigned,not recovered
623,4,friendly,AlertAndInteractive,Settlement,,51,vendor location/uniqueness not assigned,not recovered
624,1,accord,"AlertAndInteractive(interactionType=""HolsterTalk"")",Settlement,,52,vendor location/uniqueness not assigned,not recovered
625,8,bandit,"AlertAndInteractive(factions=""Accord"",interactionType=""Vendor"")",Settlement,,53,vendor location/uniqueness not assigned,not recovered
626,7,gaea,,Wilderness,,0,empty invocation has unresolved CAIS instance,not recovered
627,6,melding,SwarmWanderer,Melding,,0,,not recovered
628,9,neutral,Null,Excluded,no representation,0,,not recovered
629,1,accord,"AlertAndInteractive(interactionType=""HolsterTalk"",emote=""guard"",emoteDuration=-1)",Settlement,,0,,not recovered
630,1,accord,"AlertAndInteractive(interactionType=""HolsterTalk"",emote=""lounge02"",emoteDuration=-1))",Settlement,,0,,not recovered
631,1,accord,,Wilderness,,0,,not recovered
632,8,bandit,EliteWanderer(preferredMinCombatDist=20),Wilderness,,0,,not recovered
633,9,neutral,,Wilderness,,0,empty invocation has unresolved CAIS instance,not recovered
634,9,neutral,,Wilderness,,0,empty invocation has unresolved CAIS instance,not recovered
635,7,gaea,,Wilderness,,0,empty invocation has unresolved CAIS instance,not recovered
636,1,accord,,Wilderness,,0,,not recovered
637,7,gaea,,Wilderness,,0,empty invocation has unresolved CAIS instance,not recovered
638,1,accord,Wander,Wilderness,,0,,not recovered
639,7,gaea,MeleeGruntWanderer,Wilderness,,0,,not recovered
640,2,chosen,"MeldingAcolyte(walk = true,minDist=60,runAwayTime=500,distWave=14,distMeteor=60,cooldownWave=12000,fireballAgainProb=1,maxFireball = 3)",Melding|Wilderness,,0,,not recovered
641,7,gaea,Arch_AdditiveMelee_Base(combatDist=0.5),Wilderness,,0,,not recovered
642,7,gaea,Brontodon,Wilderness,,0,,not recovered
643,2,chosen,EliteWanderer(preferredMinCombatDist=20),Melding|Wilderness,,0,,not recovered
644,7,gaea,ThresherCharger,Wilderness,,0,,not recovered
645,4,friendly,"TestElfPet(maxDist=5, runToWalkDist=8, walkToRunDist=15, despawnDist=30, idleVoSet1=20336, idleVoSet2=20338, idleVoMs2=2000, idleVoCooldown=60000, vehicleVoSet1=20337, vehicleVoCooldown=60000, followVoSet=20336, followVoFrequency=30000)",Excluded,explicit classifier exclusion,0,,not recovered
646,1,accord,Null,Excluded,no representation,0,,not recovered
647,1,accord,Null,Excluded,no representation,0,,not recovered
648,1,accord,,Excluded,no representation,0,,not recovered
649,1,accord,Null,Excluded,no representation,0,,not recovered
650,1,accord,Null,Excluded,no representation,0,,not recovered
651,1,accord,Null,Excluded,no representation,0,,not recovered
652,1,accord,Null,Excluded,no representation,0,,not recovered
653,1,accord,Null,Excluded,no representation,0,,not recovered
654,1,accord,Null,Excluded,no representation,0,,not recovered
655,1,accord,Null,Excluded,no representation,0,,not recovered
656,1,accord,Null,Excluded,no representation,0,,not recovered
657,1,accord,Null,Excluded,no representation,0,,not recovered
658,1,accord,Null,Excluded,no representation,0,,not recovered
659,1,accord,Null,Excluded,no representation,0,,not recovered
660,1,accord,Null,Excluded,no representation,0,,not recovered
661,1,accord,Null,Excluded,no representation,0,,not recovered
662,1,accord,Null,Excluded,no representation,0,,not recovered
663,1,accord,Null,Excluded,no representation,0,,not recovered
664,1,accord,Null,Excluded,no representation,0,,not recovered
665,1,accord,Null,Excluded,no representation,0,,not recovered
666,1,accord,Null,Excluded,no representation,0,,not recovered
667,1,accord,Null,Excluded,no representation,0,,not recovered
668,1,accord,Null,Excluded,no representation,0,,not recovered
669,1,accord,Null,Excluded,no representation,0,,not recovered
670,1,accord,Null,Excluded,no representation,0,,not recovered
671,1,accord,Null,Excluded,no representation,0,,not recovered
672,1,accord,Null,Excluded,no representation,0,,not recovered
673,1,accord,Null,Excluded,no representation,0,,not recovered
674,1,accord,Null,Excluded,no representation,0,,not recovered
675,1,accord,Null,Excluded,no representation,0,,not recovered
676,1,accord,Null,Excluded,no representation,0,,not recovered
677,1,accord,Null,Excluded,no representation,0,,not recovered
678,1,accord,Null,Excluded,no representation,0,,not recovered
679,1,accord,Null,Excluded,no representation,0,,not recovered
680,1,accord,Null,Excluded,no representation,0,,not recovered
681,1,accord,Null,Excluded,no representation,0,,not recovered
682,1,accord,Null,Excluded,no representation,0,,not recovered
683,1,accord,Null,Excluded,no representation,0,,not recovered
684,1,accord,Null,Excluded,no representation,0,,not recovered
685,1,accord,Null,Excluded,no representation,0,,not recovered
686,1,accord,Null,Excluded,no representation,0,,not recovered
687,1,accord,Null,Excluded,no representation,0,,not recovered
688,1,accord,,Wilderness,,0,,not recovered
689,7,gaea,Nautilus,Wilderness,,0,,not recovered
690,7,gaea,,Wilderness,,0,empty invocation has unresolved CAIS instance,not recovered
691,6,melding,Mosquito(fireDuration=2500),Melding,,0,,not recovered
692,6,melding,SwarmWanderer,Melding,,0,,not recovered
693,7,gaea,,Wilderness,,0,empty invocation has unresolved CAIS instance,not recovered
694,7,gaea,AggressiveWanderer,Wilderness,,0,,not recovered
695,2,chosen,,Melding|Wilderness,,0,,not recovered
696,7,gaea,,Wilderness,,0,empty invocation has unresolved CAIS instance,not recovered
697,2,chosen,"EliteWanderer(fearDeltaRate=-0.5, fearGrowthFactor=5, preferredMinCombatDist=10, wanderDistance=10)",Melding|Wilderness,,0,,not recovered
698,7,gaea,BetaAranha,Wilderness,,0,,not recovered
699,2,chosen,EliteWanderer(preferredMinCombatDist=20),Melding|Wilderness,,0,,not recovered
700,2,chosen,"EliteWanderer(enemyMaxRangeCalm=120,enemyMaxRangeAlert=120,enemyMaxRangeCombat=120,aggroDistance=120,wanderDistance=0,preferredMinCombatDist=120)",Melding|Wilderness,,0,,not recovered
701,1,accord,AggressiveWanderer,Wilderness,,0,,not recovered
702,7,gaea,SwarmWanderer,Wilderness,,0,,not recovered
703,7,gaea,SwarmWanderer,Wilderness,,0,,not recovered
704,1,accord,"Arch_MedRangedHumanoid_Base(triggerPullTime=1500,fireRestDuration=1000)",Wilderness,,0,,not recovered
705,1,accord,"Arch_MedRangedHumanoid_Base(triggerPullTime=1500,fireRestDuration=1000)",Wilderness,,0,,not recovered
706,1,accord,AggressiveWanderer,Wilderness,,0,,not recovered
707,2,chosen,EliteWanderer(preferredMinCombatDist=20),Melding|Wilderness,,0,,not recovered
708,2,chosen,Arch_AdditiveMelee_Base(combatDist=0.75),Melding|Wilderness,,0,,not recovered
709,2,chosen,Arch_MoveThenFire_Base(combatDist=20),Melding|Wilderness,,0,,not recovered
710,2,chosen,EliteWanderer(preferredMinCombatDist=20),Melding|Wilderness,,0,,not recovered
711,1,accord,,Wilderness,,0,,not recovered
712,1,accord,,Wilderness,,0,,not recovered
713,1,accord,PlayerPet,Excluded,explicit classifier exclusion,0,,not recovered
714,2,chosen,"StockMoveAndShootGuy(triggerPullTime=2500, walk=false)",Melding|Wilderness,,0,,not recovered
715,5,monster,Null,Excluded,explicit classifier exclusion,0,,not recovered
716,2,chosen,ChosenEngineerDrone,Melding|Wilderness,,0,,not recovered
717,8,bandit,,Wilderness,,0,empty invocation has unresolved CAIS instance,not recovered
718,1,accord,AggressiveWanderer,Wilderness,,0,,not recovered
719,1,accord,AggressiveWanderer,Wilderness,,0,,not recovered
720,2,chosen,EliteWanderer(preferredMinCombatDist=20),Melding|Wilderness,,0,,not recovered
721,1,accord,"AlertAndInteractive(helloScript=""Util: Look At Target (Client Side only)"",goodbyescript="""",emote=""controlseat"",emoteDuration=-1)",Settlement,,0,pose may require an assigned prop,not recovered
722,1,accord,"AlertAndInteractive(helloScript=""Util: Look At Target (Client Side only)"",goodbyescript="""",emote=""controlseat"",emoteDuration=-1)",Settlement,,0,pose may require an assigned prop,not recovered
723,1,accord,"AlertAndInteractive(helloScript=""Util: Look At Target (Client Side only)"",goodbyescript="""",emote=""guard"",emoteDuration=-1)",Settlement,,0,,not recovered
724,1,accord,"AlertAndInteractive(helloScript=""Util: Look At Target (Client Side only)"",goodbyescript="""",emote=""kioskviewer1"",emoteDuration=-1)",Settlement,,0,,not recovered
725,1,accord,"AlertAndInteractive(helloScript=""Util: Look At Target (Client Side only)"",goodbyescript="""",emote=""kioskviewer1"",emoteDuration=-1)",Settlement,,0,,not recovered
726,1,accord,"AlertAndInteractive(helloScript=""Util: Look At Target (Client Side only)"",goodbyescript="""",emote=""kioskviewer2"",emoteDuration=-1)",Settlement,,0,,not recovered
727,1,accord,"AlertAndInteractive(helloScript=""Util: Look At Target (Client Side only)"",goodbyescript="""",emote=""kioskviewer2"",emoteDuration=-1)",Settlement,,0,,not recovered
728,1,accord,"AlertAndInteractive(helloScript=""Util: Look At Target (Client Side only)"",goodbyescript="""",emote=""kioskviewer3"",emoteDuration=-1)",Settlement,,0,,not recovered
729,1,accord,"PerformEmote(emote=""kioskviewer3"")",Settlement,,0,,not recovered
730,1,accord,"AlertAndInteractive(helloScript=""Util: Look At Target (Client Side only)"",goodbyescript="""",emote=""kioskviewer3"",emoteDuration=-1)",Settlement,,0,,not recovered
731,1,accord,"AlertAndInteractive(helloScript=""Util: Look At Target (Client Side only)"",goodbyescript="""",emote=""kioskviewer3"",emoteDuration=-1)",Settlement,,0,,not recovered
732,1,accord,"AlertAndInteractive(perceptionDist=25, emote=""sergeant"", targetInFront=false)",Settlement,,0,,not recovered
733,1,accord,"AlertAndInteractive(helloScript=""Util: Look At Target (Client Side only)"",goodbyescript="""",emote=""calm"",emoteDuration=-1)",Settlement,,0,,not recovered
734,1,accord,"PerformEmote(emote=""recruit"")",Settlement,,0,,not recovered
735,1,accord,"PerformEmote(emote=""calm"")",Settlement,,0,,not recovered
736,1,accord,"AlertAndInteractive(helloScript=""Util: Look At Target (Client Side only)"",goodbyescript="""",emote=""gesture3"",emoteDuration=-1)",Settlement,,0,,not recovered
737,1,accord,"AlertAndInteractive(helloScript=""Util: Look At Target (Client Side only)"",goodbyescript="""",emote=""kioskviewer3"",emoteDuration=-1)",Settlement,,0,,not recovered
738,1,accord,"AlertAndInteractive(helloScript=""Util: Look At Target (Client Side only)"",goodbyescript="""",emote=""officer"",emoteDuration=-1)",Settlement,,0,,not recovered
739,1,accord,"AlertAndInteractive(helloScript=""Util: Look At Target (Client Side only)"",goodbyescript="""",emote=""kioskviewer3"",emoteDuration=-1)",Settlement,,0,,not recovered
740,9,neutral,PassiveWanderer,Wilderness,,0,,not recovered
741,1,accord,"AlertAndInteractive(helloScript=""Util: Look At Target (Client Side only)"",goodbyescript="""",emote=""lazyengineer"",emoteDuration=-1)",Settlement,,0,,not recovered
742,1,accord,"AlertAndInteractive(emote=""oilspill"",emoteDuration=-1)",Settlement,,0,,not recovered
743,1,accord,AlertAndLookAtPlayer(),Settlement,,0,,not recovered
744,1,accord,"AlertAndInteractive(helloScript=""Util: Look At Target (Client Side only)"",goodbyescript="""",emote=""kioskviewer3"",emoteDuration=-1)",Settlement,,0,,not recovered
745,1,accord,"AlertAndInteractive(helloScript=""Util: Look At Target (Client Side only)"",goodbyescript="""",emote=""officer"",emoteDuration=-1)",Settlement,,0,,not recovered
746,1,accord,"AlertAndInteractive(helloScript=""Util: Look At Target (Client Side only)"",goodbyescript="""",emote=""officertype"",emoteDuration=-1)",Settlement,,0,,not recovered
747,1,accord,"PerformEmote(emote=""calm"")",Settlement,,0,,not recovered
748,1,accord,,Wilderness,,0,,not recovered
749,1,accord,,Wilderness,,0,,not recovered
750,1,accord,"AlertAndInteractive(helloScript=""Util: Look At Target (Client Side only)"",goodbyescript="""",emote=""typing"",emoteDuration=-1)",Settlement,,0,pose may require an assigned prop,not recovered
751,1,accord,"AlertAndInteractive(helloScript=""Util: Look At Target (Client Side only)"",goodbyescript="""",emote=""kioskviewer3"",emoteDuration=-1)",Settlement,,0,,not recovered
752,4,friendly,"InteractiveWithEmote(emote = ""calm"", interactionType=""GENERIC"")",Settlement,,0,,not recovered
753,7,gaea,AggressiveWanderer,Wilderness,,0,,not recovered
754,2,chosen,ChosenTrooper,Melding|Wilderness,,0,,not recovered
755,1,accord,"AlertAndInteractive(helloScript=""Util: Look At Target (Client Side only)"",goodbyescript="""",emote=""gesture2"",emoteDuration=-1)",Settlement,,0,,not recovered
756,1,accord,"AlertAndInteractive(helloScript=""Util: Look At Target (Client Side only)"",goodbyescript="""",emote=""gesture2"",emoteDuration=-1)",Settlement,,0,,not recovered
757,1,accord,"AlertAndInteractive(helloScript=""Util: Look At Target (Client Side only)"",goodbyescript="""",emote=""typing"",emoteDuration=-1)",Settlement,,0,pose may require an assigned prop,not recovered
758,1,accord,"AlertAndInteractive(helloScript=""Util: Look At Target (Client Side only)"",goodbyescript="""",emote=""lazyengineer"",emoteDuration=-1)",Settlement,,0,,not recovered
759,7,gaea,,Wilderness,,0,empty invocation has unresolved CAIS instance,not recovered
760,8,bandit,EliteWanderer,Wilderness,,0,,not recovered
761,8,bandit,,Wilderness,,0,empty invocation has unresolved CAIS instance,not recovered
762,8,bandit,,Wilderness,,0,empty invocation has unresolved CAIS instance,not recovered
763,7,gaea,GiantAranhaMiniBoss(eggSackCooldown =10000),Wilderness,,0,,not recovered
764,1,accord,,Wilderness,,0,,not recovered
765,1,accord,,Wilderness,,0,,not recovered
766,1,accord,"AlertAndInteractive(interactionType = ""HolsterTalk"")",Settlement,,0,,not recovered
767,1,accord,"AlertAndInteractive(greetingSet=311, leashToSpawn=true, despawnWhenStuck=true)",Settlement,,18,vendor location/uniqueness not assigned,not recovered
768,1,accord,"PeacetimeCityWanderer(restFunction=""Repair Work"", greetingSet=1197)",Settlement,,0,work destination requires placed station,not recovered
769,1,accord,"PeacetimeCityWanderer(restFunction=""Work"", greetingSet=1197)",Settlement,,0,work destination requires placed station,not recovered
770,1,accord,"AlertAndInteractive(interactionType=""HolsterTalk"")",Settlement,,0,,not recovered
771,1,accord,"PeacetimeCityWanderer(restFunction=""Repair Work"", greetingSet=1197)",Settlement,,0,work destination requires placed station,not recovered
772,1,accord,"AlertAndInteractive(interactionType=""HolsterTalk"")",Settlement,,0,,not recovered
773,1,accord,"AlertAndInteractive(interactionType=""HolsterTalk"")",Settlement,,0,,not recovered
774,1,accord,"AlertAndInteractive(greetingSet=310, leashToSpawn=true, despawnWhenStuck=true)",Settlement,,14,vendor location/uniqueness not assigned,not recovered
775,1,accord,"PeacetimeCityWanderer(restFunction=""Work"", greetingSet=1197)",Settlement,,0,work destination requires placed station,not recovered
776,1,accord,"PeacetimeCityWanderer(restFunction=""Bar"", perceptionDist=4, greetingSet=1197)",Settlement,,23,vendor location/uniqueness not assigned; work destination requires placed station,not recovered
777,1,accord,"PeacetimeCityWanderer(restFunction=""Bar"", greetingSet=1197)",Settlement,,0,work destination requires placed station,not recovered
778,1,accord,"AlertAndInteractive(interactionType = ""GENERIC"")",Settlement,,0,,not recovered
779,1,accord,"AlertAndInteractive(greetingSet=310, leashToSpawn=true, despawnWhenStuck=true)",Settlement,,22,vendor location/uniqueness not assigned,not recovered
780,1,accord,AlertAndInteractive(greetingSet=310),Settlement,,11,vendor location/uniqueness not assigned,not recovered
781,1,accord,"PeacetimeCityWanderer(restFunction=""Rummage"", greetingSet=1197)",Settlement,,0,work destination requires placed station,not recovered
782,1,accord,"PeacetimeCityWanderer(restFunction=""Rummage"", greetingSet=1197)",Settlement,,0,work destination requires placed station,not recovered
783,1,accord,"PeacetimeCityWanderer(restFunction=""Rummage"", greetingSet=1197)",Settlement,,0,work destination requires placed station,not recovered
784,1,accord,"PeacetimeCityWanderer(restFunction=""Rummage"", greetingSet=1197)",Settlement,,0,work destination requires placed station,not recovered
785,1,accord,GuardCityWanderer(greetingSet=1197),Settlement,,0,,not recovered
786,1,accord,GuardCityWanderer(greetingSet=1197),Settlement,,0,,not recovered
787,1,accord,"AlertAndInteractive(emote=""calm"", interactionType=""HolsterTalk"")",Settlement,,0,,not recovered
788,1,accord,GuardCityWanderer(greetingSet=1197),Settlement,,0,,not recovered
789,1,accord,"AlertAndInteractive(greetingSet=311, leashToSpawn=true, despawnWhenStuck=true)",Settlement,,13,vendor location/uniqueness not assigned,not recovered
790,1,accord,"PeacetimeCityWanderer(restFunction=""Repair Work"")",Settlement,,0,work destination requires placed station,not recovered
791,1,accord,"AlertAndInteractive(interactionType=""HolsterTalk"")",Settlement,,0,,not recovered
792,1,accord,"PeacetimeCityWanderer(restFunction=""Work"")",Settlement,,0,work destination requires placed station,not recovered
793,1,accord,"AlertAndInteractive(greetingSet=311, leashToSpawn=true, despawnWhenStuck=true)",Settlement,,22,vendor location/uniqueness not assigned,not recovered
794,1,accord,"PeacetimeCityWanderer(restFunction=""Medical Aid"")",Settlement,,0,work destination requires placed station,not recovered
795,1,accord,"PeacetimeCityWanderer(restFunction=""Medical Aid"")",Settlement,,0,work destination requires placed station,not recovered
796,1,accord,"AlertAndInteractive(greetingSet=310, leashToSpawn=true, despawnWhenStuck=true)",Settlement,,13,vendor location/uniqueness not assigned,not recovered
797,1,accord,"PeacetimeCityWanderer(restFunction=""Repair Work"")",Settlement,,0,work destination requires placed station,not recovered
798,1,accord,"PeacetimeCityWanderer(restFunction=""Repair Work"")",Settlement,,0,work destination requires placed station,not recovered
799,1,accord,"PeacetimeCityWanderer(restFunction=""Work"")",Settlement,,0,work destination requires placed station,not recovered
800,1,accord,Nostromo,Wilderness,,0,,not recovered
801,1,accord,AlertAndInteractive,Settlement,,0,,not recovered
802,1,accord,"AlertAndInteractive(interactionType=""HolsterTalk"")",Settlement,,0,,not recovered
803,1,accord,AlertAndInteractive,Settlement,,0,,not recovered
804,1,accord,AlertAndInteractive,Settlement,,0,,not recovered
805,1,accord,"AlertAndInteractive(greetingSet=310, leashToSpawn=true, despawnWhenStuck=true)",Settlement,,20,vendor location/uniqueness not assigned,not recovered
806,1,accord,"PeacetimeCityWanderer(restFunction=""Bar"", perceptionDist=4)",Settlement,,23,vendor location/uniqueness not assigned; work destination requires placed station,not recovered
807,1,accord,GuardCityWanderer,Settlement,,0,,not recovered
808,1,accord,"PeacetimeCityWanderer(restFunction=""Bar"")",Settlement,,0,work destination requires placed station,not recovered
809,1,accord,"PeacetimeCityWanderer(restFunction=""Market"")",Settlement,,0,work destination requires placed station,not recovered
810,1,accord,"AlertAndInteractive(greetingSet=311, leashToSpawn=true, despawnWhenStuck=true)",Settlement,,15,vendor location/uniqueness not assigned,not recovered
811,1,accord,"PeacetimeCityWanderer(restFunction=""Market"")",Settlement,,0,work destination requires placed station,not recovered
812,1,accord,"PeacetimeCityWanderer(restFunction=""Market"")",Settlement,,0,work destination requires placed station,not recovered
813,1,accord,GuardCityWanderer,Settlement,,0,,not recovered
814,1,accord,GuardCityWanderer(greetingSet=234),Settlement,,0,,not recovered
815,1,accord,GuardCityWanderer,Settlement,,0,,not recovered
816,1,accord,GuardCityWanderer,Settlement,,0,,not recovered
817,1,accord,GuardCityWanderer,Settlement,,0,,not recovered
818,1,accord,GuardCityWanderer,Settlement,,0,,not recovered
819,1,accord,GuardCityWanderer,Settlement,,0,,not recovered
820,1,accord,"AlertAndInteractive(interactionType = ""GENERIC"")",Settlement,,0,,not recovered
821,0,,"PeacetimeCityWanderer(restFunction=""Bar"")",Settlement,,0,work destination requires placed station,not recovered
822,1,accord,PeacetimeCityWanderer,Settlement,,0,,not recovered
823,0,,"PeacetimeCityWanderer(greetingSet=240, restFunction=""Market"")",Settlement,,0,work destination requires placed station,not recovered
824,1,accord,"AlertAndInteractive(greetingSet=311, leashToSpawn=true, despawnWhenStuck=true)",Settlement,,19,vendor location/uniqueness not assigned,not recovered
825,0,,"PeacetimeCityWanderer(restFunction=""Bar"")",Settlement,,0,work destination requires placed station,not recovered
826,1,accord,"AlertAndInteractive(interactionType=""Generic"")",Settlement,,0,,not recovered
827,0,,"PeacetimeCityWanderer(restFunction=""Bar"")",Settlement,,0,work destination requires placed station,not recovered
828,0,,"PeacetimeCityWanderer(restFunction=""Work"")",Settlement,,0,work destination requires placed station,not recovered
829,1,accord,"PerformEmoteNoPhysics(emote=""controlseat"",emoteDuration=-1)",Settlement,,0,pose may require an assigned prop,not recovered
830,1,accord,"AlertAndInteractive(greetingSet=310, leashToSpawn=true, despawnWhenStuck=true)",Settlement,,11,vendor location/uniqueness not assigned,not recovered
831,1,accord,AlertAndInteractive(greetingSet=1416),Settlement,,0,,not recovered
832,1,accord,AlertAndInteractive(greetingSet=1416),Settlement,,0,,not recovered
833,1,accord,AlertAndInteractive(greetingSet=1416),Settlement,,0,,not recovered
834,1,accord,GuardCityWanderer,Settlement,,0,,not recovered
835,1,accord,AlertAndInteractive(greetingSet=1416),Settlement,,0,,not recovered
836,1,accord,"AlertAndInteractive(perceptionDist=6,interactionType=""HolsterTalk"",greetingSet=236)",Settlement,,0,,not recovered
837,1,accord,"PerformEmoteNoPhysics(emote=""controlseat"",emoteDuration=-1)",Settlement,,0,pose may require an assigned prop,not recovered
838,1,accord,"PerformEmoteNoPhysics(emote=""controlseat"",emoteDuration=-1)",Settlement,,0,pose may require an assigned prop,not recovered
839,1,accord,"PerformEmoteNoPhysics(emote=""controlseat"",emoteDuration=-1)",Settlement,,0,pose may require an assigned prop,not recovered
840,1,accord,"PerformEmoteNoPhysics(emote=""controlseat"",emoteDuration=-1)",Settlement,,0,pose may require an assigned prop,not recovered
841,1,accord,"AlertAndInteractive(greetingSet=310, leashToSpawn=true, despawnWhenStuck=true)",Settlement,,11,vendor location/uniqueness not assigned,not recovered
842,1,accord,AlertAndInteractive(greetingSet=1416),Settlement,,0,,not recovered
843,1,accord,AlertAndInteractive(greetingSet=1416),Settlement,,0,,not recovered
844,1,accord,"AlertAndInteractive(greetingSet=311, leashToSpawn=true, despawnWhenStuck=true)",Settlement,,13,vendor location/uniqueness not assigned,not recovered
845,1,accord,AlertAndInteractive(greetingSet=1416),Settlement,,0,,not recovered
846,1,accord,GuardCityWanderer,Settlement,,0,,not recovered
847,1,accord,AlertAndInteractive(greetingSet=1416),Settlement,,0,,not recovered
848,1,accord,"AlertAndInteractive(greetingSet=310, goodbyeScript=""Util: Working (Client Side only)"", leashToSpawn=true, despawnWhenStuck=true)",Settlement,,16,vendor location/uniqueness not assigned,not recovered
849,1,accord,AlertAndInteractive,Settlement,,0,,not recovered
850,1,accord,AlertAndInteractive(greetingSet=1416),Settlement,,0,,not recovered
851,1,accord,GuardCityWanderer,Settlement,,0,,not recovered
852,1,accord,GuardCityWanderer,Settlement,,0,,not recovered
853,1,accord,"AlertAndInteractive(greetingSet=310, leashToSpawn=true, despawnWhenStuck=true)",Settlement,,22,vendor location/uniqueness not assigned,not recovered
854,1,accord,"GuardCityWanderer(restFunction=""Guard Stance"")",Settlement,,0,work destination requires placed station,not recovered
855,1,accord,AlertAndInteractive(greetingSet=1416),Settlement,,0,,not recovered
856,1,accord,AlertAndInteractive(perceptionDist=4),Settlement,,23,vendor location/uniqueness not assigned,not recovered
857,1,accord,"PeacetimeCityWanderer(restFunction=""Recreation"")",Settlement,,0,work destination requires placed station,not recovered
858,1,accord,"AlertAndInteractive(perceptionDist=8, greetingSet=244)",Settlement,,29,vendor location/uniqueness not assigned,not recovered
859,1,accord,"PeacetimeCityWanderer(restFunction=""Recreation"")",Settlement,,0,work destination requires placed station,not recovered
860,1,accord,"PeacetimeCityWanderer(restFunction=""Recreation"")",Settlement,,0,work destination requires placed station,not recovered
861,1,accord,"PeacetimeCityWanderer(restFunction=""Recreation"")",Settlement,,0,work destination requires placed station,not recovered
862,1,accord,"AlertAndInteractive(greetingSet=310, leashToSpawn=true, despawnWhenStuck=true)",Settlement,,21,vendor location/uniqueness not assigned,not recovered
863,1,accord,"PeacetimeCityWanderer(restFunction=""Rummage"")",Settlement,,0,work destination requires placed station,not recovered
864,1,accord,"PeacetimeCityWanderer(restFunction=""Rummage"")",Settlement,,0,work destination requires placed station,not recovered
865,1,accord,"PeacetimeCityWanderer(restFunction=""Work"")",Settlement,,0,work destination requires placed station,not recovered
866,1,accord,"PeacetimeCityWanderer(restFunction=""Work"")",Settlement,,0,work destination requires placed station,not recovered
867,1,accord,GuardCityWanderer,Settlement,,0,,not recovered
868,1,accord,"AlertAndInteractive(greetingSet=310, leashToSpawn=true, despawnWhenStuck=true)",Settlement,,13,vendor location/uniqueness not assigned,not recovered
869,1,accord,"PeacetimeCityWanderer(restFunction=""Bar"")",Settlement,,0,work destination requires placed station,not recovered
870,1,accord,"PeacetimeCityWanderer(restFunction=""Bar"")",Settlement,,0,work destination requires placed station,not recovered
871,1,accord,"AlertAndInteractive(interactionType=""HolsterTalk"")",Settlement,,0,,not recovered
872,1,accord,"PeacetimeCityWanderer(restFunction=""Market"")",Settlement,,0,work destination requires placed station,not recovered
873,1,accord,"PeacetimeCityWanderer(restFunction=""Market"")",Settlement,,0,work destination requires placed station,not recovered
874,1,accord,"AlertAndInteractive(greetingSet=310, leashToSpawn=true, despawnWhenStuck=true)",Settlement,,11,vendor location/uniqueness not assigned,not recovered
875,1,accord,GuardCityWanderer,Settlement,,0,,not recovered
876,1,accord,GuardCityWanderer,Settlement,,0,,not recovered
877,1,accord,GuardCityWanderer,Settlement,,0,,not recovered
878,1,accord,GuardCityWanderer,Settlement,,0,,not recovered
879,1,accord,"PeacetimeCityWanderer(restFunction=""Market"")",Settlement,,0,work destination requires placed station,not recovered
880,1,accord,GuardCityWanderer,Settlement,,0,,not recovered
881,1,accord,GuardCityWanderer,Settlement,,0,,not recovered
882,1,accord,"AlertAndInteractive(greetingSet=311, leashToSpawn=true, despawnWhenStuck=true)",Settlement,,22,vendor location/uniqueness not assigned,not recovered
883,1,accord,"AlertAndInteractive(interactionType=""HolsterTalk"")",Settlement,,0,,not recovered
884,7,gaea,,Wilderness,,0,empty invocation has unresolved CAIS instance,not recovered
885,1,accord,GuardCityWanderer(greetingSet=1197),Settlement,,0,,not recovered
886,1,accord,GuardCityWanderer(greetingSet=1197),Settlement,,0,,not recovered
887,9,neutral,FastWander(distance=35.0),Wilderness,,0,,not recovered
888,7,gaea,"LandSharkMiniBoss(requireCritHit=false,critHitAbilityId=81403,critHitAbilitySlot=1,combatDist=4.0,rangedAbilityId=82357)",Wilderness,,0,,not recovered
889,8,bandit,RaiderBaronMiniBoss(grenadeAbilityId = 81409),Wilderness,,0,,not recovered
890,1,accord,AlertAndInteractive,Settlement,,0,,not recovered
891,1,accord,AlertAndInteractive,Settlement,,0,,not recovered
892,4,friendly,,Wilderness,,0,empty invocation has unresolved CAIS instance,not recovered
893,2,chosen,Done,Melding|Wilderness,,0,,not recovered
894,8,bandit,FeralCanineSquad(pounceChance=0.00),Wilderness,,0,,not recovered
895,5,monster,AggressiveWanderer,Wilderness,,0,,not recovered
896,1,accord,Mosquito,Wilderness,,0,,not recovered
897,7,gaea,"CrystalAranhaMiniBoss(combatDist =3.0, attackDuration =1, initialSpawnWait =1000, crystalAbilityCooldown =1000, rangedAbilityDuration =2000, meleeDist =0.0, spawnAbilityCooldown = 6000, maxAwayFromCrystalDist =20.0, minCrystalDist =6.0)",Wilderness,,0,,not recovered
898,7,gaea,"CrystalAranhaCrystal(abilityId =81952, lineAbilityId =82000, cooldown =0)",Wilderness,,0,,not recovered
899,7,gaea,Wander,Wilderness,,0,,not recovered
900,1,accord,,Excluded,no representation,0,,not recovered
901,1,accord,"PeacetimeCityWanderer(restFunction=""Work"", energyDecayFactor=100)",Settlement,,0,work destination requires placed station,not recovered
902,7,gaea,,Wilderness,,0,empty invocation has unresolved CAIS instance,not recovered
903,8,bandit,EliteWanderer(preferredMinCombatDist=20),Wilderness,,0,,not recovered
904,2,chosen,"Arch_MedRanged_Base(triggerPullTime=1500,fireRestDuration=500)",Melding|Wilderness,,0,,not recovered
905,1,accord,GuardCityWanderer,Settlement,,0,,not recovered
906,2,chosen,"Arch_MedRangedHumanoid_Base(triggerPullTime=2000,fireRestDuration=9000,combatDist=30)",Melding|Wilderness,,0,,not recovered
907,1,accord,GuardCityWanderer,Settlement,,0,,not recovered
908,1,accord,GuardCityWanderer,Settlement,,0,,not recovered
909,1,accord,GuardCityWanderer,Excluded,no representation,0,,not recovered
910,2,chosen,"Arch_MoveThenFire_Base(am1Id=86132,am1Timeout=6000,am1Facing=true,am1Targeted=true,am1Cooldown=8000,combatWalk=true,combatDist=30)",Melding|Wilderness,,0,,not recovered
911,1,accord,Null,Excluded,explicit classifier exclusion,0,,not recovered
912,2,chosen,EliteWanderer(preferredMinCombatDist=20),Melding|Wilderness,,0,,not recovered
913,1,accord,AlertAndInteractive(greetingSet=1416),Settlement,,0,,not recovered
914,1,accord,AlertAndInteractive(greetingSet=1416),Settlement,,0,,not recovered
915,1,accord,AlertAndInteractive(greetingSet=1416),Settlement,,0,,not recovered
916,1,accord,AlertAndInteractive(greetingSet=1416),Settlement,,0,,not recovered
917,1,accord,"AlertAndLookAtPlayer(emote=""sittingchair05"")",Settlement,,0,pose may require an assigned prop,not recovered
918,1,accord,AlertAndInteractive(greetingSet=1416),Settlement,,0,,not recovered
919,1,accord,AlertAndInteractive(greetingSet=1416),Settlement,,0,,not recovered
920,1,accord,"AlertAndLookAtPlayer(emote=""sittingstairs03"")",Settlement,,0,,not recovered
921,1,accord,"AlertAndLookAtPlayer(emote=""lounge01"")",Settlement,,0,,not recovered
922,1,accord,"AlertAndLookAtPlayer(emote=""lounge02"")",Settlement,,0,,not recovered
923,7,gaea,"Arch_FullbodyMelee_Base(combatDist=4,am1Id=82621,am1Facing=true,am1MaxDist=15,am1NavToDist=5.0,am1Cooldown=3000,headLook=true,makesWideTurns=true,wideTurnRadius=10)",Wilderness,,0,,not recovered
924,7,gaea,AggressiveWanderer,Wilderness,,0,,not recovered
925,7,gaea,Wander,Wilderness,,0,,not recovered
926,7,gaea,Wander,Wilderness,,0,,not recovered
927,7,gaea,"PoisonSalamander(cloakAbilityId=82626, chargeCooldown=10000, chargeDuration=4000, biteWeapon=""primary"",hostilityDropPerSecond=70)",Wilderness,,0,,not recovered
928,7,gaea,Arch_ArmoredScorcher_Base(combatDist=0.6),Wilderness,,0,,not recovered
929,7,gaea,Arch_MoveThenFire_Base(combatDist=32),Wilderness,,0,,not recovered
930,7,gaea,ThresherSpitter,Wilderness,,0,,not recovered
931,7,gaea,"Arch_AdditiveMelee_Base(am1MaxDist=10,am1NavToDist=1.5)",Wilderness,,0,,not recovered
932,9,neutral,Brontodon,Wilderness,,0,,not recovered
933,9,neutral,Brontodon,Wilderness,,0,,not recovered
934,7,gaea,BetaAranha,Wilderness,,0,,not recovered
935,7,gaea,Brontodon,Wilderness,,0,,not recovered
936,5,monster,PassiveAttacker,Wilderness,,0,,not recovered
937,7,gaea,,Wilderness,,0,empty invocation has unresolved CAIS instance,not recovered
938,7,gaea,,Wilderness,,0,empty invocation has unresolved CAIS instance,not recovered
939,1,accord,"AlertAndInteractive(helloScript=""Ambient_SunkenHarbor_Atlas_Bark_Baneclaw_002"")",Settlement,,0,,not recovered
940,7,gaea,,Wilderness,,0,empty invocation has unresolved CAIS instance,not recovered
941,7,gaea,,Wilderness,,0,empty invocation has unresolved CAIS instance,not recovered
942,7,gaea,,Wilderness,,0,empty invocation has unresolved CAIS instance,not recovered
943,1,accord,AlertAndInteractive(greetingSet=1416),Settlement,,0,,not recovered
944,1,accord,"AlertAndLookAtPlayer(emote=""curious01"")",Settlement,,0,,not recovered
945,1,accord,"AlertAndLookAtPlayer(emote=""curious02"")",Settlement,,0,,not recovered
946,1,accord,"AlertAndLookAtPlayer(emote=""waiting01"")",Settlement,,0,,not recovered
947,1,accord,"Arch_MedRangedHumanoid_Base(reviveOn=true,triggerPullTime=1500,fireRestDuration=500,entityCollision=false)",Wilderness,,0,,not recovered
948,1,accord,PeacetimeCityWanderer,Settlement,,0,,not recovered
949,7,gaea,SuicideWanderer,Wilderness,,0,,not recovered
950,7,gaea,,Wilderness,,0,empty invocation has unresolved CAIS instance,not recovered
951,1,accord,"AlertAndInteractive(helloScript=""Ambient_SunkenHarbor_GenBark_Generic_001_Shady_Male_01"")",Settlement,,0,,not recovered
952,6,melding,Done,Melding,,0,,not recovered
953,1,accord,"AlertAndInteractive(interactionType=""HolsterTalk"",greetingSet=310)",Settlement,,67,vendor location/uniqueness not assigned,not recovered
954,1,accord,"AlertAndInteractive(interactionType=""HolsterTalk"",greetingSet=310)",Settlement,,65,vendor location/uniqueness not assigned,not recovered
955,7,gaea,BetaAranha,Wilderness,,0,,not recovered
956,1,accord,"AlertAndInteractive(interactionType=""HolsterTalk"",greetingSet=311)",Settlement,,60,vendor location/uniqueness not assigned,not recovered
957,1,accord,"AlertAndInteractive(interactionType=""HolsterTalk"",greetingSet=310)",Settlement,,62,vendor location/uniqueness not assigned,not recovered
958,1,accord,"AlertAndInteractive(interactionType=""HolsterTalk"",greetingSet=311)",Settlement,,67,vendor location/uniqueness not assigned,not recovered
959,4,friendly,,Wilderness,,0,,not recovered
960,1,accord,Null,Excluded,no representation,0,,not recovered
961,1,accord,,Wilderness,,0,empty invocation has unresolved CAIS instance,not recovered
962,1,accord,,Wilderness,,0,,not recovered
963,7,gaea,Arch_FullbodyMelee_Base(combatDist=2.5),Wilderness,,0,,not recovered
964,2,chosen,Null,Excluded,no representation,0,,not recovered
965,2,chosen,Null,Excluded,no representation,0,,not recovered
966,1,accord,"PerformEmote(emote=""calm"")",Settlement,,0,,not recovered
967,6,melding,AggressiveWanderer,Melding,,0,,not recovered
968,1,accord,AlertAndInteractive(perceptionDist=4),Settlement,,23,vendor location/uniqueness not assigned,not recovered
969,8,bandit,,Wilderness,,0,empty invocation has unresolved CAIS instance,not recovered
970,8,bandit,"Arch_MedRangedHumanoid_Base(combatDist=28,triggerPullTime=1000)",Wilderness,,0,,not recovered
971,1,accord,Wander,Wilderness,,0,,not recovered
972,1,accord,GuardCityWanderer,Settlement,,0,,not recovered
973,1,accord,GuardCityWanderer,Settlement,,0,,not recovered
974,1,accord,GuardCityWanderer,Settlement,,0,,not recovered
975,1,accord,"PeacetimeCityWanderer(restFunction=""Repair Work"")",Settlement,,0,work destination requires placed station,not recovered
976,1,accord,"PeacetimeCityWanderer(restFunction=""Repair Work"")",Settlement,,0,work destination requires placed station,not recovered
977,1,accord,GuardCityWanderer,Settlement,,0,,not recovered
978,1,accord,GuardCityWanderer,Settlement,,0,,not recovered
979,1,accord,GuardCityWanderer,Settlement,,0,,not recovered
980,1,accord,GuardCityWanderer,Settlement,,0,,not recovered
981,1,accord,GuardCityWanderer(greetingSet=1197),Settlement,,0,,not recovered
982,1,accord,GuardCityWanderer(greetingSet=1197),Settlement,,0,,not recovered
983,1,accord,GuardCityWanderer(greetingSet=1197),Settlement,,0,,not recovered
984,1,accord,GuardCityWanderer(greetingSet=1197),Settlement,,0,,not recovered
985,1,accord,GuardCityWanderer(greetingSet=1197),Settlement,,0,,not recovered
986,1,accord,GuardCityWanderer(greetingSet=1197),Settlement,,0,,not recovered
987,1,accord,"PeacetimeCityWanderer(restFunction=""Repair Work"")",Settlement,,0,work destination requires placed station,not recovered
988,1,accord,"PeacetimeCityWanderer(restFunction=""Repair Work"")",Settlement,,0,work destination requires placed station,not recovered
989,7,gaea,Arch_AdditiveMelee_Base,Wilderness,,0,,not recovered
990,2,chosen,Wander,Melding|Wilderness,,0,,not recovered
991,6,melding,"Arch_FullbodyMelee_Base(am1Id=86474,am1Cooldown=5000,am1MaxDist=15,am1Facing=1,am1Chance=.7,headLook=true)",Melding,,0,,not recovered
992,1,accord,Wander,Wilderness,,0,,not recovered
993,1,accord,ChosenJuggernaut,Wilderness,,0,,not recovered
994,1,accord,"AlertAndLookAtPlayer(emote=""workingtech01"", greetingSet=1197)",Settlement,,0,,not recovered
995,1,accord,"AlertAndLookAtPlayer(emote=""typing01"", greetingSet=1197)",Settlement,,0,pose may require an assigned prop,not recovered
996,1,accord,"AlertAndLookAtPlayer(emote=""curious02"", greetingSet=1197)",Settlement,,0,,not recovered
997,1,accord,"AlertAndLookAtPlayer(emote=""sittingstairs03"", greetingSet=1197)",Settlement,,0,,not recovered
998,1,accord,"AlertAndLookAtPlayer(emote=""trash01"", greetingSet=1197)",Settlement,,0,,not recovered
999,1,accord,"AlertAndLookAtPlayer(emote=""waterplant01"", greetingSet=1197)",Settlement,,0,,not recovered
1000,1,accord,"AlertAndLookAtPlayer(emote=""sleep01"", greetingSet=1197)",Settlement,,0,,not recovered
1001,1,accord,"AlertAndLookAtPlayer(emote=""airtraffic01"", greetingSet=1197)",Settlement,,0,,not recovered
1002,1,accord,"AlertAndLookAtPlayer(emote=""workingtech01"", greetingSet=1197)",Settlement,,0,,not recovered
1003,1,accord,"AlertAndLookAtPlayer(emote=""sittingstairs03"", greetingSet=1197)",Settlement,,0,,not recovered
1004,4,friendly,"InteractiveWithEmote(emote = ""calm"", interactionType=""GENERIC"")",Settlement,,0,,not recovered
1005,1,accord,"PeacetimeCityWanderer(restFunction=""Bar"")",Settlement,,0,work destination requires placed station,not recovered
1006,1,accord,,Wilderness,,0,,not recovered
1007,1,accord,,Wilderness,,0,,not recovered
1008,9,neutral,FastWander(distance=35.0),Wilderness,,0,,not recovered
1009,9,neutral,FastWander(distance=35.0),Wilderness,,0,,not recovered
1010,4,friendly,,Wilderness,,0,empty invocation has unresolved CAIS instance,not recovered
1011,7,gaea,"Arch_Relocator_Rageclaw_Base(weaponSlot=""secondary"",relocateEffect=6258,relocateSpeedOverride=15)",Wilderness,,0,,not recovered
1012,2,chosen,"Arch_MoveThenFire_Base(triggerPullTime=4000, fireRestDuration = 1000, combatDist = 30, calmWalk=false, combatWalk=true)",Melding|Wilderness,,0,,not recovered
1013,2,chosen,ChosenTrooper,Melding|Wilderness,,0,,not recovered
1014,1,accord,"AlertAndLookAtPlayer(emote=""sittingchair01"")",Settlement,,0,pose may require an assigned prop,not recovered
1015,1,accord,"BasicCivilian_Stationary(greetingSet=1197, perceptionDist=10)",Settlement,,0,,not recovered
1016,8,bandit,EliteWanderer(preferredMinCombatDist=20),Wilderness,,0,,not recovered
1018,1,accord,"AlertAndInteractive(perceptionDist=4, greetingSet=242)",Settlement,,0,,not recovered
1019,1,accord,"AlertAndInteractive(perceptionDist=4, greetingSet=242)",Settlement,,0,,not recovered
1020,1,accord,"AlertAndInteractive(perceptionDist=4, greetingSet=242)",Settlement,,0,,not recovered
1021,1,accord,"AlertAndInteractive(perceptionDist=4, greetingSet=313)",Settlement,,0,,not recovered
1022,1,accord,"AlertAndInteractive(perceptionDist=4, greetingSet=313)",Settlement,,0,,not recovered
1023,1,accord,"AlertAndInteractive(perceptionDist=4, greetingSet=313)",Settlement,,0,,not recovered
1024,4,friendly,,Wilderness,,0,empty invocation has unresolved CAIS instance,not recovered
1025,1,accord,"AlertAndInteractive(perceptionDist=4, greetingSet=313)",Settlement,,0,,not recovered
1026,7,gaea,Wander,Wilderness,,0,,not recovered
1027,1,accord,"AlertAndInteractive(perceptionDist=4, greetingSet=242)",Settlement,,0,,not recovered
1028,7,gaea,ThresherCharger,Wilderness,,0,,not recovered
1029,7,gaea,,Wilderness,,0,empty invocation has unresolved CAIS instance,not recovered
1030,7,gaea,SwarmWanderer,Wilderness,,0,,not recovered
1031,2,chosen,,Melding|Wilderness,,0,empty invocation has unresolved CAIS instance,not recovered
1032,1,accord,EliteWanderer,Wilderness,,0,,not recovered
1033,7,gaea,FireSnake,Wilderness,,0,,not recovered
1034,7,gaea,"Arch_MoveThenFire_Base(combatDist=20, moveChance=10.0)",Wilderness,,0,,not recovered
1035,1,accord,StandStill,Settlement,,0,,not recovered
1036,1,accord,StandStill,Settlement,,0,,not recovered
1037,1,accord,,Wilderness,,0,,not recovered
1038,2,chosen,ChosenTrooper(useSpawner = false),Melding|Wilderness,,0,,not recovered
1039,1,accord,GuardCityWanderer(greetingSet=412),Settlement,,0,,not recovered
1040,1,accord,GuardCityWanderer(greetingSet=412),Settlement,,0,,not recovered
1041,1,accord,GuardCityWanderer(greetingSet=412),Settlement,,0,,not recovered
1042,1,accord,GuardCityWanderer(greetingSet=412),Settlement,,0,,not recovered
1043,1,accord,GuardCityWanderer(greetingSet=412),Settlement,,0,,not recovered
1044,1,accord,GuardCityWanderer(greetingSet=412),Settlement,,0,,not recovered
1045,2,chosen,TorturedSoulMelee(aggroDist=15),Melding|Wilderness,,0,,not recovered
1046,2,chosen,ChosenTrooper(useSpawner = false),Melding|Wilderness,,0,,not recovered
1047,2,chosen,"StockMoveAndShootGuy(triggerPullTime=2000, walk=true)",Melding|Wilderness,,0,,not recovered
1048,7,gaea,_inst,Excluded,explicit classifier exclusion,0,,not recovered
1049,1,accord,GuardCityWanderer(greetingSet=412),Settlement,,0,,not recovered
1050,1,accord,GuardCityWanderer(greetingSet=412),Settlement,,0,,not recovered
1051,1,accord,GuardCityWanderer(greetingSet=412),Settlement,,0,,not recovered
1052,1,accord,"AlertAndInteractive(interactionType=""HolsterTalk"",emote=""officer"")",Settlement,,0,,not recovered
1053,1,accord,"PeacetimeCityWanderer(restFunction=""Work"")",Settlement,,0,work destination requires placed station,not recovered
1054,1,accord,"PeacetimeCityWanderer(restFunction=""Work"")",Settlement,,0,work destination requires placed station,not recovered
1055,1,accord,"PeacetimeCityWanderer(restFunction=""Work"")",Settlement,,0,work destination requires placed station,not recovered
1056,1,accord,GuardCityWanderer(greetingSet=412),Settlement,,0,,not recovered
1057,1,accord,GuardCityWanderer(greetingSet=412),Settlement,,0,,not recovered
1058,1,accord,GuardCityWanderer(greetingSet=412),Settlement,,0,,not recovered
1059,1,accord,StockShootAndFollowRoute,Wilderness,,0,route/follow/named-point assignment missing,not recovered
1060,2,chosen,Null,Excluded,explicit classifier exclusion,0,,not recovered
1061,2,chosen,Null,Excluded,explicit classifier exclusion,0,,not recovered
1062,1,accord,GuardCityWanderer,Settlement,,0,,not recovered
1063,8,bandit,EliteWanderer(preferredMinCombatDist=20),Wilderness,,0,,not recovered
1064,4,friendly,"InteractiveWithEmote(emote = ""calm"", interactionType=""GENERIC"")",Settlement,,0,,not recovered
1065,2,chosen,ChosenTrooper(useSpawner = false),Melding|Wilderness,,0,,not recovered
1066,2,chosen,"Meta(behavior=""MeleeGruntWanderer"",maxAngleBeforeInitialMovement=120)",Excluded,explicit classifier exclusion,0,,not recovered
1067,1,accord,,Wilderness,,0,,not recovered
1068,2,chosen,TorturedSoulMelee(aggroDist=15),Melding|Wilderness,,0,,not recovered
1069,2,chosen,ChosenSniper,Melding|Wilderness,,0,,not recovered
1070,1,accord,,Wilderness,,0,,not recovered
1071,2,chosen,ChosenEngineerDrone,Melding|Wilderness,,0,,not recovered
1173,1,accord,AggressiveWanderer,Excluded,no representation,0,,not recovered
1174,1,accord,,Settlement,,5,vendor location/uniqueness not assigned; empty invocation has unresolved CAIS instance,not recovered
1175,1,accord,"AlertAndInteractive(helloScript=""Util: Look At Target (Client Side only)"",goodbyescript="""",emote=""officer"",emoteDuration=-1)",Settlement,,5,vendor location/uniqueness not assigned,not recovered
1176,1,accord,"AlertAndInteractive(helloScript=""Util: Look At Target (Client Side only)"",goodbyescript="""",emote=""officer"",emoteDuration=-1)",Settlement,,5,vendor location/uniqueness not assigned,not recovered
1177,1,accord,"AlertAndInteractive(helloScript=""Util: Look At Target (Client Side only)"",goodbyescript="""",emote=""officer"",emoteDuration=-1)",Settlement,,5,vendor location/uniqueness not assigned,not recovered
1178,2,chosen,,Melding|Wilderness,,0,,not recovered
1179,7,gaea,,Wilderness,,0,empty invocation has unresolved CAIS instance,not recovered
1180,8,bandit,"ChainWithPush(behaviorA=""Crouch"",behaviorB=""LookAtNearestPlayer(maxDistance=15)"")",Wilderness,,0,,not recovered
1181,8,bandit,"RaiderBaronMiniBoss(grenadeAbilityId = 85889,missileAbilityId=85889,strafeChance=1.0,jukeChance=0,useDiveRoll=false)",Wilderness,,0,,not recovered
1182,8,bandit,,Wilderness,,0,empty invocation has unresolved CAIS instance,not recovered
1183,9,neutral,"FastWanderCore(restDurationMin=0,restDurationMax=200,nearSpawn=1,walk=0)",Wilderness,,0,,not recovered
1184,7,gaea,,Wilderness,,0,empty invocation has unresolved CAIS instance,not recovered
1185,8,bandit,"SiegebreakerWithCharge(walk=false,abilityRate=0,triggerPullTime=5000)",Wilderness,,0,,not recovered
1186,6,melding,FeralCanineSquad(pounceChance=0.00),Melding,,0,,not recovered
1187,7,gaea,,Wilderness,,0,empty invocation has unresolved CAIS instance,not recovered
1188,7,gaea,"LandSharkMiniBoss(requireCritHit=false, critHitAbilityId =81403, critHitAbilitySlot = 1, combatDist =1.0, rangedAbilityId =82357)",Wilderness,,0,,not recovered
1189,7,gaea,,Wilderness,,0,empty invocation has unresolved CAIS instance,not recovered
1190,1,accord,"AlertAndInteractive(interactionType=""HolsterTalk"")",Settlement,,0,,not recovered
1191,9,neutral,"FastWanderCore(restDurationMin=0,restDurationMax=200,nearSpawn=1,walk=0)",Wilderness,,0,,not recovered
1192,5,monster,"FastWanderCore(restDurationMin=0,restDurationMax=200,nearSpawn=1,walk=0)",Wilderness,,0,,not recovered
1193,1,accord,"AlertAndInteractive(interactionType=""Generic"")",Settlement,,0,,not recovered
1194,1,accord,GuardCityWanderer,Settlement,,0,,not recovered
1195,1,accord,GuardCityWanderer,Settlement,,0,,not recovered
1196,2,chosen,,Melding|Wilderness,,0,empty invocation has unresolved CAIS instance,not recovered
1197,7,gaea,"Arch_FullbodyMelee_Base(am1Id=85964,am1Cooldown=8000)",Wilderness,,0,,not recovered
1198,7,gaea,,Wilderness,,0,empty invocation has unresolved CAIS instance,not recovered
1199,1,accord,"PeacetimeCityWanderer(restFunction=""Bar"")",Settlement,,0,work destination requires placed station,not recovered
1200,2,chosen,"Arch_MedRangedHumanoid_Base(triggerPullTime=1500,fireRestDuration=1000) ",Melding|Wilderness,,0,,not recovered
1201,7,gaea,,Wilderness,,0,empty invocation has unresolved CAIS instance,not recovered
1202,6,melding,"MeldingWyrm(burrowAbilityId=85186, burrowCooldown=20000, meleeSpeedMult=1.5)",Melding,,0,,not recovered
1203,2,chosen,PlayerPet,Excluded,explicit classifier exclusion,0,,not recovered
1204,2,chosen,,Melding|Wilderness,,0,,not recovered
1205,1,accord,"Arch_MedRangedHumanoid_Base(combatDist=20,triggerPullTime=1000)",Wilderness,,0,,not recovered
1206,1,accord,,Wilderness,,0,,not recovered
1207,1,accord,,Wilderness,,0,,not recovered
1208,1,accord,,Wilderness,,0,,not recovered
1209,1,accord,Arch_MedRangedHumanoid_Base(combatDist=20),Wilderness,,0,,not recovered
1213,2,chosen,"Arch_MedRangedAbilityUser_Base(am1Id=77721,am1Cooldown=10000,am1Chance=0.7,am1Timeout=2000,triggerPullTime=800,fireRestDuration=1500)",Melding|Wilderness,,0,,not recovered
1214,1,accord,Stand,Settlement,,0,,not recovered
1215,1,accord,Stand,Settlement,,0,,not recovered
1216,1,accord,Stand,Settlement,,0,,not recovered
1217,1,accord,Stand,Settlement,,0,,not recovered
1218,1,accord,StockShootAndFollowRoute,Wilderness,,0,route/follow/named-point assignment missing,not recovered
1219,2,chosen,"Arch_MedRangedAbilityUser_Base(am1Id=77721,am1Cooldown=10000,am1Chance=0.7,am1Timeout=2000,triggerPullTime=800,fireRestDuration=1500)",Melding|Wilderness,,0,,not recovered
1220,2,chosen,"Arch_MedRangedHumanoid_Base(triggerPullTime=1500,fireRestDuration=1500,combatDist=30)",Melding|Wilderness,,0,,not recovered
1221,1,accord,"Arch_MedRangedHumanoid_Base(triggerPullTime=1500,fireRestDuration=1000)",Wilderness,,0,,not recovered
1222,9,neutral,GuardCityWanderer,Settlement,,0,,not recovered
1223,1,accord,"Arch_MedRangedHumanoid_Base(triggerPullTime=1500,fireRestDuration=1000)",Wilderness,,0,,not recovered
1224,8,bandit,EliteWanderer(preferredMinCombatDist=5),Wilderness,,0,,not recovered
1225,2,chosen,Arch_MoveThenFire_Base(combatDist=25),Melding|Wilderness,,0,,not recovered
1226,8,bandit,,Wilderness,,0,empty invocation has unresolved CAIS instance,not recovered
1227,8,bandit,"Arch_MoveThenFire_Base(triggerPullTime=3000,combatWalk=false,combatDist=27,fireRestDuration=1500,am1Id=86461,am1Cooldown=6000)",Wilderness,,0,,not recovered
1228,8,bandit,"Arch_MedRangedHumanoid_Base(triggerPullTime=1500,fireRestDuration=1500)",Wilderness,,0,,not recovered
1229,8,bandit,"Arch_MedRangedHumanoid_Base(triggerPullTime=1000,fireRestDuration=2500,moveChance=0.2)",Wilderness,,0,,not recovered
1230,8,bandit,,Wilderness,,0,empty invocation has unresolved CAIS instance,not recovered
1231,8,bandit,,Wilderness,,0,empty invocation has unresolved CAIS instance,not recovered
1232,8,bandit,,Wilderness,,0,empty invocation has unresolved CAIS instance,not recovered
1233,8,bandit,"Arch_MedRangedHumanoid_Base(triggerPullTime=2500,fireRestDuration=1500)",Wilderness,,0,,not recovered
1234,8,bandit,"Arch_MedRangedHumanoid_Base(triggerPullTime=2500,fireRestDuration=1500)",Wilderness,,0,,not recovered
1235,8,bandit,"Arch_MedRangedHumanoid_Base(triggerPullTime=2500,fireRestDuration=1500)",Wilderness,,0,,not recovered
1236,8,bandit,,Wilderness,,0,empty invocation has unresolved CAIS instance,not recovered
1237,8,bandit,"Arch_MedRangedHumanoid_Base(triggerPullTime=2500,fireRestDuration=1500)",Wilderness,,0,,not recovered
1238,8,bandit,,Wilderness,,0,empty invocation has unresolved CAIS instance,not recovered
1239,8,bandit,"Arch_MedRangedHumanoid_Base(triggerPullTime=1500,fireRestDuration=3000)",Wilderness,,0,,not recovered
1240,8,bandit,"Arch_MedRangedHumanoid_Base(triggerPullTime=1500,fireRestDuration=3000)",Wilderness,,0,,not recovered
1241,8,bandit,"Arch_MedRangedHumanoid_Base(triggerPullTime=1000,fireRestDuration=1500)",Wilderness,,0,,not recovered
1242,8,bandit,"Arch_MedRangedHumanoid_Base(triggerPullTime=1000,fireRestDuration=1500)",Wilderness,,0,,not recovered
1243,8,bandit,"Arch_MedRangedHumanoid_Base(triggerPullTime=1000,fireRestDuration=2000)",Wilderness,,0,,not recovered
1244,8,bandit,"Arch_MedRangedHumanoid_Base(triggerPullTime=1000,fireRestDuration=2000)",Wilderness,,0,,not recovered
1245,8,bandit,"Arch_MedRangedHumanoid_Base(triggerPullTime=1000,fireRestDuration=2000)",Wilderness,,0,,not recovered
1246,8,bandit,"Arch_MedRangedHumanoid_Base(triggerPullTime=1000,fireRestDuration=1500)",Wilderness,,0,,not recovered
1247,8,bandit,"Arch_MedRangedHumanoid_Base(triggerPullTime=1000,fireRestDuration=1500)",Wilderness,,0,,not recovered
1248,22,Black Hills Bandits,,Wilderness,,0,empty invocation has unresolved CAIS instance,not recovered
1249,4,friendly,"UseWorkDeployables(function=""Rummage"",groundOffset=1.6, inSpawnVolume=true, climber=true) ",Wilderness,,0,unsupported locomotion/spawn volume,not recovered
1250,1,accord,"Arch_MedRangedHumanoid_Base(triggerPullTime=3000,fireRestDuration=1000)",Wilderness,,0,,not recovered
1251,1,accord,"AlertAndInteractive(interactionType = ""HolsterTalk"")",Settlement,,0,,not recovered
1252,8,bandit,"SiegebreakerWithCharge(walk=false,abilityRate=0,triggerPullTime=5000)",Wilderness,,0,,not recovered
1253,1,accord,"RaiderBaronMiniBoss(grenadeAbilityId = 85889,missileAbilityId=85889,triggerPullTimeSecondary=5000,nearSpawn=1)",Wilderness,,0,,not recovered
1254,7,gaea,ThresherCharger,Wilderness,,0,,not recovered
1255,1,accord,"GuardCityWanderer(restFunction=""Guard Stance"")",Settlement,,0,work destination requires placed station,not recovered
1256,1,accord,"AlertAndInteractive(interactionType=""HolsterTalk"")",Settlement,,0,,not recovered
1257,1,accord,"Arch_MedRangedHumanoid_Base(triggerPullTime=1500,fireRestDuration=2000)",Wilderness,,0,,not recovered
1258,6,melding,"Arch_FullbodyMelee_Base(combatDist=1.5,am1Id=86392,am1Cooldown=8000,am1Chance=.8,am1MaxDist=20, am2Id=86393,am2MaxDist=40,am2Cooldown=15000,makesWideTurns=true,wideTurnRadius=5)",Melding,,0,,not recovered
1259,1,accord,"PeacetimeCityWanderer(restFunction=""Bar"")",Settlement,,0,work destination requires placed station,not recovered
1260,1,accord,"Arch_AdditiveMelee_Base(softEntityCollision = 0, environmentCollision = 0, entityCollision = 0)",Wilderness,,0,,not recovered
1261,1,accord,"PeacetimeCityWanderer(restFunction=""Market"", lookAtTarget = 0)",Settlement,,0,work destination requires placed station,not recovered
1262,1,accord,"PeacetimeCityWanderer(restFunction=""Bar"")",Settlement,,0,work destination requires placed station,not recovered
1263,1,accord,"Arch_MedRangedAbilityUser_Base(triggerPullTime=1500,fireRestDuration=1000, am1Id=86055, am1Timeout=1000)",Wilderness,,0,,not recovered
1264,5,monster,Squawwk(baseSpeedMult=1.35),Wilderness,,0,,not recovered
1265,1,accord,"PeacetimeCityWanderer(restFunction=""Bar"")",Settlement,,0,work destination requires placed station,not recovered
1266,1,accord,"PeacetimeCityWanderer(restFunction=""Bar"")",Settlement,,0,work destination requires placed station,not recovered
1267,1,accord,"AlertAndInteractive(perceptionDist=8,interactionType=""Generic"", greetingSet=244)",Settlement,,0,,not recovered
1268,1,accord,,Wilderness,,0,,not recovered
1269,1,accord,StationaryCivilianDialog(private_id=10474),Settlement,,0,,not recovered
1270,1,accord,"AlertAndInteractive(helloScript=""Util: Look At Target (Client Side only)"",goodbyescript="""",emote=""gesture2"",emoteDuration=-1)",Settlement,,0,,not recovered
1271,7,gaea,"Config(grounded=false,timeToMaxRotationSpeed=3000,environmentCollision=false,entityCollision=false) ",Excluded,explicit classifier exclusion,0,,not recovered
1272,1,accord,,Wilderness,,0,,not recovered
1273,1,accord,"AlertAndInteractive(interactionType=""Generic"")",Settlement,,0,,not recovered
1274,1,accord,"FireBurst(fireOnce=false,useScope=true,minBurst=0,maxBurst=0)",Wilderness,,0,,not recovered
1275,1,accord,AlertAndInteractive,Settlement,,0,,not recovered
1276,1,accord,FaceAndAttack(burstDuration=10000),Wilderness,,0,,not recovered
1277,1,accord,AlertAndInteractive,Settlement,,0,,not recovered
1278,1,accord,AlertAndInteractive,Settlement,,0,,not recovered
1279,1,accord,"Arch_MedRangedHumanoid_Base(triggerPullTime=1500,fireRestDuration=1000)",Wilderness,,0,,not recovered
1280,1,accord,"Arch_MedRangedHumanoid_Base(triggerPullTime=1500,fireRestDuration=1000)",Wilderness,,0,,not recovered
1281,4,friendly,,Wilderness,,0,,not recovered
1282,4,friendly,,Wilderness,,0,,not recovered
1283,2,chosen,"Arch_MoveThenFire_Base(triggerPullTime=2000, calmWalk=false)",Melding|Wilderness,,0,,not recovered
1284,1,accord,Arch_MedRangedTwoGuns_Base,Wilderness,,0,,not recovered
1285,8,bandit,"Arch_MedRangedHumanoid_Base(triggerPullTime=1500,fireRestDuration=1000)",Wilderness,,0,,not recovered
1286,1,accord,FaceAndAttack(burstDuration=10000),Wilderness,,0,,not recovered
1287,1,accord,"FireBurst(fireOnce=false,useScope=true,minBurst=0,maxBurst=0)",Wilderness,,0,,not recovered
1288,1,accord,AlertAndInteractive,Settlement,,0,,not recovered
1289,1,accord,FaceAndAttack(burstDuration=10000),Wilderness,,0,,not recovered
1290,1,accord,AlertAndInteractive,Settlement,,0,,not recovered
1291,1,accord,AlertAndInteractive,Settlement,,0,,not recovered
1292,8,bandit,EliteWanderer(preferredMinCombatDist=5),Wilderness,,0,,not recovered
1293,8,bandit,EliteWanderer(preferredMinCombatDist=20),Wilderness,,0,,not recovered
1294,8,bandit,EliteWanderer(preferredMinCombatDist=20),Wilderness,,0,,not recovered
1295,8,bandit,EliteWanderer(preferredMinCombatDist=20),Wilderness,,0,,not recovered
1296,8,bandit,"SiegebreakerWithCharge(walk=false,abilityRate=0,triggerPullTime=5000)",Wilderness,,0,,not recovered
1297,8,bandit,Arch_MedRangedHumanoid_Base(combatDist=10),Wilderness,,0,,not recovered
1298,7,gaea,"Arch_Charger_Base(chargeEffect=6415,chargeCommitDist=8,chargeSpeedOverride=22,chargeWindupDuration=1000,chargeRestDuration=600,chargeSpeedChange=50,makesWideTurns=true,wideTurnRadius=3,timeToMaxRotationSpeed=5000)",Wilderness,,0,,not recovered
1299,1,accord,"AlertAndInteractive(interactionType=""Generic"")",Settlement,,0,,not recovered
1300,1,accord,"AlertAndInteractive(interactionType=""Generic"")",Settlement,,0,,not recovered
1301,1,accord,"AlertAndInteractive(interactionType=""Generic"")",Settlement,,0,,not recovered
1302,1,accord,"AlertAndInteractive(interactionType=""Generic"")",Settlement,,0,,not recovered
1303,1,accord,"AlertAndInteractive(interactionType=""Generic"")",Settlement,,0,,not recovered
1304,22,Black Hills Bandits,,Wilderness,,0,empty invocation has unresolved CAIS instance,not recovered
1305,2,chosen,ChosenEngineerDrone,Melding|Wilderness,,0,,not recovered
1306,2,chosen,Null,Excluded,no representation,0,,not recovered
1307,1,accord,GuardCityWanderer,Settlement,,0,,not recovered
1313,7,gaea,,Wilderness,,0,empty invocation has unresolved CAIS instance,not recovered
1314,9,neutral,Brontodon,Wilderness,,0,,not recovered
1315,1,accord,,Wilderness,,0,,not recovered
1316,8,bandit,Arch_MedRangedHumanoid_Base(combatDist=10),Wilderness,,0,,not recovered
1317,4,friendly,PassivePet,Excluded,explicit classifier exclusion,0,,not recovered
1318,1,accord,"TurretTeleporterDropshipCannon(shortRange=700, longRange=750, targetExcludedFactions=""chosen"", targetNegateFactionFlag = true)",Excluded,explicit classifier exclusion,0,,not recovered
1319,7,gaea,,Wilderness,,0,empty invocation has unresolved CAIS instance,not recovered
1320,1,accord,"PeacetimeCityWanderer(restFunction=""Market"")",Settlement,,0,work destination requires placed station,not recovered
1321,1,accord,"AlertAndInteractive(interactionType=""HolsterTalk"")",Settlement,,0,,not recovered
1322,8,bandit,StationaryCivilianDialog(private_id=10474),Settlement,,0,,not recovered
1323,1,accord,"AlertAndInteractive(helloScript=""Util: Look At Target (Client Side only)"",goodbyescript="""",emote=""gesture2"",emoteDuration=-1)",Settlement,,0,,not recovered
1324,1,accord,,Wilderness,,0,,not recovered
1325,1,accord,,Wilderness,,0,,not recovered
1326,1,accord,"AlertAndInteractive(interactionType=""Generic"")",Settlement,,0,,not recovered
1327,9,neutral,"Wander(nearSpawn=true,distance=12)",Wilderness,,0,,not recovered
1328,9,neutral,,Wilderness,,0,,not recovered
1329,9,neutral,,Wilderness,,0,,not recovered
1330,9,neutral,,Wilderness,,0,,not recovered
1331,5,monster,"FastWanderCore(restDurationMin=0,restDurationMax=200,nearSpawn=1,walk=0)",Wilderness,,0,,not recovered
1332,1,accord,,Wilderness,,0,empty invocation has unresolved CAIS instance,not recovered
1333,1,accord,,Wilderness,,0,empty invocation has unresolved CAIS instance,not recovered
1334,1,accord,,Wilderness,,0,empty invocation has unresolved CAIS instance,not recovered
1335,1,accord,,Wilderness,,0,empty invocation has unresolved CAIS instance,not recovered
1336,1,accord,GuardCityWanderer(greetingSet=412),Settlement,,0,,not recovered
1337,1,accord,GuardCityWanderer(greetingSet=412),Settlement,,0,,not recovered
1338,1,accord,GuardCityWanderer(greetingSet=412),Settlement,,0,,not recovered
1339,1,accord,GuardCityWanderer(greetingSet=412),Settlement,,0,,not recovered
1340,1,accord,GuardCityWanderer(greetingSet=412),Settlement,,0,,not recovered
1341,1,accord,GuardCityWanderer(greetingSet=412),Settlement,,0,,not recovered
1342,1,accord,GuardCityWanderer(greetingSet=412),Settlement,,0,,not recovered
1343,1,accord,GuardCityWanderer(greetingSet=412),Settlement,,0,,not recovered
1344,1,accord,GuardCityWanderer(greetingSet=412),Settlement,,0,,not recovered
1345,1,accord,GuardCityWanderer(greetingSet=412),Settlement,,0,,not recovered
1346,1,accord,GuardCityWanderer(greetingSet=412),Settlement,,0,,not recovered
1347,1,accord,GuardCityWanderer(greetingSet=412),Settlement,,0,,not recovered
1348,1,accord,GuardCityWanderer(greetingSet=412),Settlement,,0,,not recovered
1349,1,accord,GuardCityWanderer(greetingSet=412),Settlement,,0,,not recovered
1350,1,accord,StockShootAndFollowRoute,Wilderness,,0,route/follow/named-point assignment missing,not recovered
1351,1,accord,"AlertAndInteractive(leashToSpawn=true, despawnWhenStuck=true)",Settlement,,54,vendor location/uniqueness not assigned,not recovered
1352,1,accord,"Arch_MedRangedHumanoid_Base(triggerPullTime=1500,fireRestDuration=1000)",Wilderness,,0,,not recovered
1353,1,accord,"AlertAndInteractive(interactionType = ""HolsterTalk"")",Settlement,,0,,not recovered
1354,1,accord,"AlertAndInteractive(interactionType=""HolsterTalk"")",Settlement,,0,,not recovered
1355,1,accord,"AlertAndInteractive(interactionType=""Generic"")",Settlement,,0,,not recovered
1356,8,bandit,,Wilderness,,0,empty invocation has unresolved CAIS instance,not recovered
1357,1,accord,"AlertAndInteractive(interactionType=""HolsterTalk"")",Settlement,,0,,not recovered
1358,1,accord,"AlertAndInteractive(interactionType=""HolsterTalk"",emote=""kioskviewer1"",emoteDuration=-1)",Settlement,,0,,not recovered
1359,1,accord,"PeacetimeCityWanderer(restFunction=""Bar"")",Settlement,,0,work destination requires placed station,not recovered
1360,4,friendly,TestFollowPlayer(maxSpeedChange=100),Excluded,explicit classifier exclusion,0,,not recovered
1361,1,accord,"AlertAndInteractive(interactionType=""HolsterTalk"")",Settlement,,0,,not recovered
1362,1,accord,"AlertAndInteractive(interactionType=""HolsterTalk"")",Settlement,,0,,not recovered
1363,1,accord,"AlertAndInteractive(interactionType=""HolsterTalk"")",Settlement,,0,,not recovered
1364,8,bandit,"Arch_MedRangedHumanoid_Base(triggerPullTime = 1500, fireRestDuration = 500)",Wilderness,,0,,not recovered
1365,2,chosen,"Arch_MedRangedHumanoid_Base(triggerPullTime=1500,fireRestDuration=1500)",Melding|Wilderness,,0,,not recovered
1366,2,chosen,"Arch_MoveThenFire_Base(combatDist=40,moveDuration=15000,moveChance=0)",Melding|Wilderness,,0,,not recovered
1367,2,chosen,Arch_Kamikaze_Base(killAmId=35288),Melding|Wilderness,,0,,not recovered
1368,1,accord,"AlertAndInteractive(interactionType=""HolsterTalk"")",Settlement,,0,,not recovered
1369,1,accord,"PeacetimeCityWanderer(restFunction=""Bar"")",Settlement,,0,work destination requires placed station,not recovered
1370,1,accord,GuardCityWanderer,Settlement,,0,,not recovered
1371,1,accord,"AlertAndInteractive(interactionType=""HolsterTalk"",emote=""officer"",emoteDuration=-1)",Settlement,,0,,not recovered
1372,1,accord,"PeacetimeCityWanderer(restFunction=""Work"")",Settlement,,0,work destination requires placed station,not recovered
1373,1,accord,,Wilderness,,0,,not recovered
1374,1,accord,"AlertAndInteractive(emote=""working"", interactionType=""HolsterTalk"")",Settlement,,0,,not recovered
1375,2,chosen,,Melding|Wilderness,,0,empty invocation has unresolved CAIS instance,not recovered
1376,2,chosen,Arch_AdditiveMelee_Base,Melding|Wilderness,,0,,not recovered
1377,2,chosen,"Arch_MoveThenFire_Base(triggerPullTime=5000, fireRestDuration = 1500, combatDist = 30, calmWalk=false, combatWalk=true)",Melding|Wilderness,,0,,not recovered
1378,2,chosen,Arch_AdditiveMelee_Base,Melding|Wilderness,,0,,not recovered
1379,2,chosen,"Arch_MedRangedAbilityUser_Base(am1Id=88159, am1Cooldown = 3000, am1MinDist = 10, am1MaxDist = 40, am1Facing = 1, am1Targeted = 1, am2Id=88161, am2Cooldown = 10000, am2MinDist = 0, am2MaxDist = 10, useWeaponRange = 0,pauseDuration = 0)",Melding|Wilderness,,0,,not recovered
1380,4,friendly,,Wilderness,,0,,not recovered
1381,2,chosen,"Arch_MedRangedAbilityUser_Base(am1Id=88159, am1Cooldown = 3000, am1MinDist = 10, am1MaxDist = 40, am1Facing = 1, am1Targeted = 1, am2Id=88161, am2Cooldown = 10000, am2MinDist = 0, am2MaxDist = 10, useWeaponRange = 0,pauseDuration = 0)",Melding|Wilderness,,0,,not recovered
1382,2,chosen,"Arch_MedRangedAbilityUser_Base(am1Id=88159, am1Cooldown = 3000, am1MinDist = 10, am1MaxDist = 40, am1Facing = 1, am1Targeted = 1, am2Id=88161, am2Cooldown = 10000, am2MinDist = 0, am2MaxDist = 10, useWeaponRange = 0,pauseDuration = 0)",Melding|Wilderness,,0,,not recovered
1383,2,chosen,"Arch_MedRangedAbilityUser_Base(am1Id=88159, am1Cooldown = 3000, am1MinDist = 10, am1MaxDist = 40, am1Facing = 1, am1Targeted = 1, am2Id=88161, am2Cooldown = 10000, am2MinDist = 0, am2MaxDist = 10, useWeaponRange = 0,pauseDuration = 0)",Melding|Wilderness,,0,,not recovered
1384,2,chosen,"Arch_MedRangedAbilityUser_Base(am1Id=88159, am1Cooldown = 3000, am1MinDist = 10, am1MaxDist = 40, am1Facing = 1, am1Targeted = 1, am2Id=88161, am2Cooldown = 10000, am2MinDist = 0, am2MaxDist = 10, useWeaponRange = 0,pauseDuration = 0)",Melding|Wilderness,,0,,not recovered
1385,2,chosen,,Melding|Wilderness,,0,empty invocation has unresolved CAIS instance,not recovered
1386,2,chosen,"Arch_MedRangedAbilityUser_Base(am1Id=88159, am1Cooldown = 3000, am1MinDist = 10, am1MaxDist = 40, am1Facing = 1, am1Targeted = 1, am2Id=88161, am2Cooldown = 10000, am2MinDist = 0, am2MaxDist = 10, useWeaponRange = 0,pauseDuration = 0)",Melding|Wilderness,,0,,not recovered
1387,2,chosen,"Arch_MedRangedAbilityUser_Base(am1Id=88159, am1Cooldown = 3000, am1MinDist = 10, am1MaxDist = 40, am1Facing = 1, am1Targeted = 1, am2Id=88161, am2Cooldown = 10000, am2MinDist = 0, am2MaxDist = 10, useWeaponRange = 0,pauseDuration = 0)",Melding|Wilderness,,0,,not recovered
1388,2,chosen,"Arch_MedRangedAbilityUser_Base(am1Id=88159, am1Cooldown = 3000, am1MinDist = 10, am1MaxDist = 40, am1Facing = 1, am1Targeted = 1, am2Id=88161, am2Cooldown = 10000, am2MinDist = 0, am2MaxDist = 10, useWeaponRange = 0,pauseDuration = 0)",Melding|Wilderness,,0,,not recovered
1389,1,accord,"AlertAndInteractive(interactionType=""HolsterTalk"")",Settlement,,0,,not recovered
1390,8,bandit,StationaryCivilianDialog(private_id=10474),Settlement,,0,,not recovered
1391,1,accord,,Wilderness,,0,empty invocation has unresolved CAIS instance,not recovered
1392,8,bandit,Arch_MedRangedHumanoid_Base(combatDist=10),Wilderness,,0,,not recovered
1393,8,bandit,"Arch_MedRangedHumanoid_Base(triggerPullTime = 1500, fireRestDuration = 500)",Wilderness,,0,,not recovered
1394,1,accord,"AlertAndInteractive(emote=""sick"")",Settlement,,0,,not recovered
1395,1,accord,,Wilderness,,0,,not recovered
1396,1,accord,"Arch_MedRangedHumanoid_Base(triggerPullTime=1500,fireRestDuration=1000)",Wilderness,,0,,not recovered
1397,0,,,Wilderness,,0,,not recovered
1398,4,friendly,StationaryCivilianDialog(private_id=10474),Settlement,,0,,not recovered
1399,2,chosen,,Melding|Wilderness,,0,empty invocation has unresolved CAIS instance,not recovered
1400,7,gaea,,Wilderness,,0,empty invocation has unresolved CAIS instance,not recovered
1401,7,gaea,,Wilderness,,0,empty invocation has unresolved CAIS instance,not recovered
1402,7,gaea,,Wilderness,,0,empty invocation has unresolved CAIS instance,not recovered
1403,7,gaea,,Wilderness,,0,empty invocation has unresolved CAIS instance,not recovered
1404,7,gaea,,Wilderness,,0,empty invocation has unresolved CAIS instance,not recovered
1405,1,accord,,Wilderness,,0,,not recovered
1406,1,accord,StationaryCivilianDialog(private_id=10474),Settlement,,0,,not recovered
1407,1,accord,"AlertAndInteractive(interactionType=""HolsterTalk"",emote=""dataentry01"",emoteDuration=-1)",Settlement,,0,,not recovered
1408,8,bandit,StationaryCivilianDialog(private_id=10474),Settlement,,0,,not recovered
1409,2,chosen,"Arch_MedRangedHumanoid_Base(triggerPullTime=1500,fireRestDuration=2500,combatDist=30)",Melding|Wilderness,,0,,not recovered
1410,7,gaea,,Wilderness,,0,empty invocation has unresolved CAIS instance,not recovered
1411,22,Black Hills Bandits,StationaryCivilianDialog(private_id=10474),Settlement,,0,,not recovered
1412,1,accord,"PeacetimeCityWanderer(restFunction=""Bar"")",Settlement,,0,work destination requires placed station,not recovered
1413,1,accord,"PeacetimeCityWanderer(restFunction=""Bar"")",Settlement,,0,work destination requires placed station,not recovered
1414,7,gaea,,Wilderness,,0,empty invocation has unresolved CAIS instance,not recovered
1415,7,gaea,,Wilderness,,0,empty invocation has unresolved CAIS instance,not recovered
1416,1,accord,"AlertAndLookAtPlayer(interactionType=""HolsterTalk"",emote=""guard"")",Settlement,,0,,not recovered
1417,7,gaea,,Wilderness,,0,empty invocation has unresolved CAIS instance,not recovered
1418,7,gaea,,Wilderness,,0,empty invocation has unresolved CAIS instance,not recovered
1419,7,gaea,,Wilderness,,0,empty invocation has unresolved CAIS instance,not recovered
1420,7,gaea,,Wilderness,,0,empty invocation has unresolved CAIS instance,not recovered
1421,7,gaea,,Wilderness,,0,empty invocation has unresolved CAIS instance,not recovered
1422,7,gaea,,Wilderness,,0,empty invocation has unresolved CAIS instance,not recovered
1423,9,neutral,,Wilderness,,0,empty invocation has unresolved CAIS instance,not recovered
1424,1,accord,"AlertAndInteractive(interactionType=""HolsterTalk"")",Settlement,,0,,not recovered
1425,7,gaea,,Wilderness,,0,empty invocation has unresolved CAIS instance,not recovered
1426,7,gaea,,Wilderness,,0,empty invocation has unresolved CAIS instance,not recovered
1427,6,melding,,Melding,,0,empty invocation has unresolved CAIS instance,not recovered
1428,1,accord,"Arch_MedRangedHumanoid_Base(combatDist=20,triggerPullTime=1000)",Wilderness,,0,,not recovered
1429,1,accord,,Wilderness,,0,empty invocation has unresolved CAIS instance,not recovered
1430,7,gaea,,Wilderness,,0,empty invocation has unresolved CAIS instance,not recovered
1431,1,accord,"AlertAndInteractive(interactionType=""HolsterTalk"")",Settlement,,0,,not recovered
1432,8,bandit,StationaryCivilianDialog(private_id=10474),Settlement,,0,,not recovered
1433,1,accord,,Wilderness,,0,,not recovered
1434,1,accord,,Wilderness,,0,,not recovered
1435,1,accord,"Arch_MoveThenFire_Base(triggerPullTime=4000,combatWalk=false,combatDist=27)",Wilderness,,0,,not recovered
1436,1,accord,"Arch_MedRangedHumanoid_Base(triggerPullTime=1500,fireRestDuration=1000)",Wilderness,,0,,not recovered
1437,8,bandit,,Wilderness,,0,empty invocation has unresolved CAIS instance,not recovered
1438,4,friendly,"Arch_MedRangedHumanoid_Base(triggerPullTime=3000,fireRestDuration=500,combatDist=50,maxMove=15,pauseDuration=500)",Wilderness,,0,,not recovered
1439,1,accord,"AlertAndInteractive(interactionType=""HolsterTalk"")",Settlement,,0,,not recovered
1440,1,accord,"PeacetimeCityWanderer(restFunction=""Bar"")",Settlement,,0,work destination requires placed station,not recovered
1441,1,accord,,Wilderness,,0,,not recovered
1442,7,gaea,,Wilderness,,0,empty invocation has unresolved CAIS instance,not recovered
1443,4,friendly,Arch_MedRangedHumanoid_Base(combatDist=30),Wilderness,,0,,not recovered
1444,4,friendly,,Wilderness,,0,empty invocation has unresolved CAIS instance,not recovered
1445,1,accord,,Wilderness,,0,,not recovered
1446,8,bandit,StationaryCivilianDialog(private_id=10474),Settlement,,0,,not recovered
1447,1,accord,Null,Excluded,explicit classifier exclusion,0,,not recovered
1448,8,bandit,AlertAndInteractive,Settlement,,0,,not recovered
1449,8,bandit,,Wilderness,,0,empty invocation has unresolved CAIS instance,not recovered
1450,22,Black Hills Bandits,Arch_MedRangedHumanoid_Base(combatDist=10),Wilderness,,0,,not recovered
1451,1,accord,"PeacetimeCityWanderer(restFunction=""Bar"")",Settlement,,0,work destination requires placed station,not recovered
1452,1,accord,"PeacetimeCityWanderer(restFunction=""Bar"")",Settlement,,0,work destination requires placed station,not recovered
1453,1,accord,"PeacetimeCityWanderer(restFunction=""Bar"")",Settlement,,0,work destination requires placed station,not recovered
1454,1,accord,"PeacetimeCityWanderer(restFunction=""Bar"")",Settlement,,0,work destination requires placed station,not recovered
1455,1,accord,"PeacetimeCityWanderer(restFunction=""Bar"")",Settlement,,0,work destination requires placed station,not recovered
1456,1,accord,"PeacetimeCityWanderer(restFunction=""Bar"")",Settlement,,0,work destination requires placed station,not recovered
1457,1,accord,"PeacetimeCityWanderer(restFunction=""Bar"")",Settlement,,0,work destination requires placed station,not recovered
1458,1,accord,"PeacetimeCityWanderer(restFunction=""Bar"")",Settlement,,0,work destination requires placed station,not recovered
1459,1,accord,"PeacetimeCityWanderer(restFunction=""Bar"")",Settlement,,0,work destination requires placed station,not recovered
1460,1,accord,"PeacetimeCityWanderer(restFunction=""Bar"")",Settlement,,0,work destination requires placed station,not recovered
1461,1,accord,,Wilderness,,0,,not recovered
1462,1,accord,"Arch_MedRangedHumanoid_Base(triggerPullTime=1500,fireRestDuration=1000)",Wilderness,,0,,not recovered
1463,1,accord,"Arch_MedRangedHumanoid_Base(triggerPullTime=1500,fireRestDuration=1000)",Wilderness,,0,,not recovered
1464,1,accord,"Arch_MedRangedHumanoid_Base(reviveOn=true,triggerPullTime=1500,fireRestDuration=500)",Wilderness,,0,,not recovered
1465,4,friendly,,Wilderness,,0,,not recovered
1466,8,bandit,Arch_MedRangedHumanoid_Base,Wilderness,,0,,not recovered
1467,8,bandit,,Wilderness,,0,,not recovered
1468,8,bandit,Arch_MedRangedHumanoid_Base(combatDist=10),Wilderness,,0,,not recovered
1469,1,accord,Arch_MedRangedHumanoid_Base,Wilderness,,0,,not recovered
1470,1,accord,GuardCityWanderer,Settlement,,0,,not recovered
1471,8,bandit,Arch_MedRangedHumanoid_Base(combatDist=10),Wilderness,,0,,not recovered
1472,1,accord,GuardCityWanderer,Settlement,,0,,not recovered
1473,1,accord,GuardCityWanderer,Settlement,,0,,not recovered
1474,1,accord,GuardCityWanderer,Settlement,,0,,not recovered
1475,1,accord,GuardCityWanderer,Settlement,,0,,not recovered
1476,8,bandit,,Wilderness,,0,empty invocation has unresolved CAIS instance,not recovered
1477,8,bandit,Arch_AdditiveMelee_Base,Wilderness,,0,,not recovered
1478,1,accord,"AlertAndLookAtPlayer(emote=""sittingchair01"")",Settlement,,0,pose may require an assigned prop,not recovered
1479,1,accord,"AlertAndLookAtPlayer(emote=""sittingchair01"")",Settlement,,0,pose may require an assigned prop,not recovered
1480,4,friendly,,Wilderness,,0,empty invocation has unresolved CAIS instance,not recovered
1481,1,accord,"Arch_MedRangedHumanoid_Base(triggerPullTime=1500,fireRestDuration=1000)",Wilderness,,0,,not recovered
1482,1,accord,"PeacetimeCityWanderer(restFunction=""Bar"")",Settlement,,0,work destination requires placed station,not recovered
1483,1,accord,"AlertAndInteractive(interactionType=""GENERIC"")",Settlement,,0,,not recovered
1484,1,accord,"AlertAndInteractive(interactionType=""HolsterTalk"")",Settlement,,0,,not recovered
1485,1,accord,"AlertAndInteractive(interactionType=""Generic"")",Settlement,,0,,not recovered
1486,1,accord,"AlertAndInteractive(interactionType=""HolsterTalk"")",Settlement,,0,,not recovered
1487,1,accord,"AlertAndInteractive(interactionType=""Generic"")",Settlement,,0,,not recovered
1488,1,accord,"AlertAndInteractive(interactionType=""Generic"")",Settlement,,0,,not recovered
1489,1,accord,"AlertAndInteractive(interactionType=""Generic"")",Settlement,,0,,not recovered
1490,7,gaea,"CrystalAranhaMiniBoss(combatDist =3.0, attackDuration =1, initialSpawnWait =1000, crystalAbilityCooldown =1000, rangedAbilityDuration =2000, meleeDist =0.0, spawnAbilityCooldown = 6000, maxAwayFromCrystalDist =20.0, minCrystalDist =6.0)",Wilderness,,0,,not recovered
1491,7,gaea,"LandSharkMiniBoss(requireCritHit=false, critHitAbilityId =95100, critHitAbilitySlot = 1, combatDist =4.0, rangedAbilityId =95102)",Wilderness,,0,,not recovered
1492,7,gaea,"GiantAranhaMiniBoss(eggSackCooldown =15000,eggSackAbilityId=85827,groundOffset=4,combatDist=15)",Wilderness,,0,,not recovered
1493,1,accord,GuardCityWanderer,Settlement,,0,,not recovered
1494,7,gaea,"CrystalAranhaMiniBoss(combatDist =3.0, attackDuration =1, initialSpawnWait =1000, crystalAbilityCooldown =1000, rangedAbilityDuration =2000, meleeDist =0.0, spawnAbilityCooldown = 6000, maxAwayFromCrystalDist =20.0, minCrystalDist =6.0)",Wilderness,,0,,not recovered
1495,8,bandit,"Arch_MedRangedHumanoid_Base(triggerPullTime=5000,fireRestDuration=0,combatDist=40,hurtAvoidance=1)",Wilderness,,0,,not recovered
1496,1,accord,"AlertAndInteractive(interactionType=""HolsterTalk"")    ",Settlement,,0,,not recovered
1497,8,bandit,"Arch_MedRangedHumanoid_Base(triggerPullTime = 1500, fireRestDuration = 500)",Wilderness,,0,,not recovered
1498,1,accord,"AlertAndInteractive(interactionType=""HolsterTalk"",emote=""officer"",emoteDuration=-1)",Settlement,,0,,not recovered
1499,1,accord,"AlertAndLookAtPlayer(interactionType=""HolsterTalk"",emote=""townstand4"")",Settlement,,0,,not recovered
1500,1,accord,EliteWanderer(preferredMinCombatDist=5),Wilderness,,0,,not recovered
1501,1,accord,"PeacetimeCityWanderer(restFunction=""Bar"")",Settlement,,0,work destination requires placed station,not recovered
1502,1,accord,"AlertAndInteractive(interactionType=""HolsterTalk"")",Settlement,,0,,not recovered
1503,1,accord,"AlertAndInteractive(interactionType=""HolsterTalk"")",Settlement,,0,,not recovered
1504,1,accord,"AlertAndInteractive(interactionType=""HolsterTalk"")",Settlement,,0,,not recovered
1505,1,accord,"AlertAndInteractive(interactionType=""HolsterTalk"")",Settlement,,0,,not recovered
1506,46,Reapers,,Wilderness,,0,empty invocation has unresolved CAIS instance,not recovered
1507,45,Rebels,,Wilderness,,0,empty invocation has unresolved CAIS instance,not recovered
1508,47,Ophanim,,Wilderness,,0,empty invocation has unresolved CAIS instance,not recovered
1509,8,bandit,,Wilderness,,0,empty invocation has unresolved CAIS instance,not recovered
1510,8,bandit,,Wilderness,,0,empty invocation has unresolved CAIS instance,not recovered
1511,1,accord,"AlertAndInteractive(interactionType=""HolsterTalk"",emote=""officer"",emoteDuration=-1)",Settlement,,0,,not recovered
1512,22,Black Hills Bandits,,Wilderness,,0,empty invocation has unresolved CAIS instance,not recovered
1513,22,Black Hills Bandits,,Wilderness,,0,empty invocation has unresolved CAIS instance,not recovered
1514,46,Reapers,,Wilderness,,0,empty invocation has unresolved CAIS instance,not recovered
1515,46,Reapers,,Wilderness,,0,empty invocation has unresolved CAIS instance,not recovered
1516,45,Rebels,,Wilderness,,0,empty invocation has unresolved CAIS instance,not recovered
1517,8,bandit,,Wilderness,,0,empty invocation has unresolved CAIS instance,not recovered
1518,8,bandit,,Wilderness,,0,empty invocation has unresolved CAIS instance,not recovered
1519,8,bandit,,Wilderness,,0,empty invocation has unresolved CAIS instance,not recovered
1520,47,Ophanim,,Wilderness,,0,empty invocation has unresolved CAIS instance,not recovered
1521,47,Ophanim,,Wilderness,,0,empty invocation has unresolved CAIS instance,not recovered
1522,8,bandit,,Wilderness,,0,empty invocation has unresolved CAIS instance,not recovered
1523,8,bandit,,Wilderness,,0,empty invocation has unresolved CAIS instance,not recovered
1524,1,accord,"AlertAndInteractive(perceptionDist=8,interactionType=""HolsterTalk"",emote=""townstand1"", greetingSet=244)",Settlement,,0,,not recovered
1525,8,bandit,,Wilderness,,0,empty invocation has unresolved CAIS instance,not recovered
1526,8,bandit,,Wilderness,,0,empty invocation has unresolved CAIS instance,not recovered
1527,8,bandit,,Wilderness,,0,empty invocation has unresolved CAIS instance,not recovered
1528,8,bandit,,Wilderness,,0,empty invocation has unresolved CAIS instance,not recovered
1529,47,Ophanim,,Wilderness,,0,empty invocation has unresolved CAIS instance,not recovered
1530,8,bandit,,Wilderness,,0,empty invocation has unresolved CAIS instance,not recovered
1531,8,bandit,,Wilderness,,0,empty invocation has unresolved CAIS instance,not recovered
1532,8,bandit,,Wilderness,,0,empty invocation has unresolved CAIS instance,not recovered
1533,22,Black Hills Bandits,,Wilderness,,0,empty invocation has unresolved CAIS instance,not recovered
1534,8,bandit,,Wilderness,,0,empty invocation has unresolved CAIS instance,not recovered
1535,8,bandit,,Wilderness,,0,empty invocation has unresolved CAIS instance,not recovered
1536,8,bandit,,Wilderness,,0,empty invocation has unresolved CAIS instance,not recovered
1537,8,bandit,,Wilderness,,0,empty invocation has unresolved CAIS instance,not recovered
1538,8,bandit,,Wilderness,,0,empty invocation has unresolved CAIS instance,not recovered
1539,1,accord,"Arch_MedRangedHumanoid_Base(triggerPullTime=2500,fireRestDuration=1500)",Wilderness,,0,,not recovered
1540,2,chosen,"Arch_MoveThenFire_Base(am1Id=86132,am1Timeout=6000,am1Facing=true,am1Targeted=true,am1Cooldown=8000,combatWalk=true,combatDist=30)",Melding|Wilderness,,0,,not recovered
1541,1,accord,,Wilderness,,0,,not recovered
1542,1,accord,GuardCityWanderer,Settlement,,0,,not recovered
1543,1,accord,GuardCityWanderer,Settlement,,0,,not recovered
1544,1,accord,GuardCityWanderer,Settlement,,0,,not recovered
1545,8,bandit,Arch_MedRangedHumanoid_Base(combatDist=10),Wilderness,,0,,not recovered
1546,1,accord,"AlertAndInteractive(interactionType=""HolsterTalk"")",Settlement,,0,,not recovered
1547,8,bandit,"Arch_MedRangedHumanoid_Base(triggerPullTime=1500,fireRestDuration=1000)",Wilderness,,0,,not recovered
1548,7,gaea,,Wilderness,,0,empty invocation has unresolved CAIS instance,not recovered
1549,8,bandit,"Arch_MoveThenFire_Base(triggerPullTime=4000,combatWalk=false,combatDist=27)",Wilderness,,0,,not recovered
1550,47,Ophanim,,Wilderness,,0,empty invocation has unresolved CAIS instance,not recovered
1551,2,chosen,Arch_AdditiveMelee_Base,Melding|Wilderness,,0,,not recovered
1552,1,accord,"PeacetimeCityWanderer(restFunction=""Bar"")",Settlement,,0,work destination requires placed station,not recovered
1553,1,accord,"InteractiveWithEmote(emote = ""calm"")",Settlement,,0,,not recovered
1554,1,accord,,Wilderness,,0,,not recovered
1555,8,bandit,,Wilderness,,0,empty invocation has unresolved CAIS instance,not recovered
1556,1,accord,"Arch_MedRangedHumanoid_Base(triggerPullTime=5000,am1Id = 33833, am1Cooldown = 1700, am1Chance = 0.65, am1Timeout = 1000, am2Id = 33812, am2Cooldown = 1700, am2Chance = 0.65,  am2Timeout = 1000)",Wilderness,,0,,not recovered
1557,2,chosen,"Arch_MedRangedHumanoid_Base(triggerPullTime=1500,fireRestDuration=2500,combatDist=30)",Melding|Wilderness,,0,,not recovered
1558,1,accord,"PeacetimeCityWanderer(restFunction=""Bar"")",Settlement,,0,work destination requires placed station,not recovered
1559,45,Rebels,,Wilderness,,0,empty invocation has unresolved CAIS instance,not recovered
1560,2,chosen,,Melding|Wilderness,,0,empty invocation has unresolved CAIS instance,not recovered
1561,1,accord,"PeacetimeCityWanderer(restFunction=""Bar"")",Settlement,,0,work destination requires placed station,not recovered
1562,1,accord,"PeacetimeCityWanderer(restFunction=""Bar"")",Settlement,,0,work destination requires placed station,not recovered
1563,1,accord,"PeacetimeCityWanderer(restFunction=""Bar"")",Settlement,,0,work destination requires placed station,not recovered
1564,1,accord,"PeacetimeCityWanderer(restFunction=""Bar"")",Settlement,,0,work destination requires placed station,not recovered
1565,1,accord,"Arch_Sniper_Base(runToSnipeDist=20,snipeToRunDist=10)",Wilderness,,0,,not recovered
1566,1,accord,"Arch_Sniper_Base(runToSnipeDist=20,snipeToRunDist=10)",Wilderness,,0,,not recovered
1567,1,accord,"Arch_MedRangedAbilityUser_Base(am1Id = 33833, am1Cooldown = 5000, am1Chance = 0.5, am1Timeout = 1000, am2Id = 86100, am2Cooldown = 20000, am2Chance = 0.5,  am2Timeout = 1000 )",Wilderness,,0,,not recovered
1568,1,accord,EliteWanderer(preferredMinCombatDist=5),Wilderness,,0,,not recovered
1569,1,accord,StationaryCivilianDialog(private_id=10474),Settlement,,0,,not recovered
1570,1,accord,"PeacetimeCityWanderer(restFunction=""Bar"")",Settlement,,0,work destination requires placed station,not recovered
1571,1,accord,"PeacetimeCityWanderer(restFunction=""Bar"")",Settlement,,0,work destination requires placed station,not recovered
1572,1,accord,"PeacetimeCityWanderer(restFunction=""Bar"")",Settlement,,0,work destination requires placed station,not recovered
1573,1,accord,"PeacetimeCityWanderer(restFunction=""Bar"")",Settlement,,0,work destination requires placed station,not recovered
1574,1,accord,"PeacetimeCityWanderer(restFunction=""Bar"")",Settlement,,0,work destination requires placed station,not recovered
1575,1,accord,"PeacetimeCityWanderer(restFunction=""Bar"")",Settlement,,0,work destination requires placed station,not recovered
1576,8,bandit,EliteWanderer(preferredMinCombatDist=5),Wilderness,,0,,not recovered
1577,8,bandit,"Arch_MedRangedAbilityUser_Base(triggerPullTime=1500,fireRestDuration=1000,am1Id=95445)",Wilderness,,0,,not recovered
1578,1,accord,"PeacetimeCityWanderer(restFunction=""Bar"")",Settlement,,0,work destination requires placed station,not recovered
1579,8,bandit,Arch_FullbodyMelee_Base(combatDist=10),Wilderness,,0,,not recovered
1580,2,chosen,Arch_AdditiveMelee_Base(combatDist=0.75),Melding|Wilderness,,0,,not recovered
1581,1,accord,"AlertAndInteractive(interactionType=""Generic"")",Settlement,,0,,not recovered
1582,45,Rebels,"Arch_MoveThenFire_Base(triggerPullTime=5000,combatWalk=false,combatDist=27)",Wilderness,,0,,not recovered
1583,1,accord,Arch_MedRangedHumanoid_Base,Wilderness,,0,,not recovered
1584,1,accord,PlayerPet,Excluded,explicit classifier exclusion,0,,not recovered
1585,45,Rebels,"Arch_MoveThenFire_Base(triggerPullTime=4000,combatWalk=false,combatDist=27, am1Id = 33833, am1Cooldown = 1700, am1Chance = 0.65, am1Timeout = 1000, am2Id = 33812, am2Cooldown = 1700, am2Chance = 0.65,  am2Timeout = 1000)",Wilderness,,0,,not recovered
1586,1,accord,"PeacetimeCityWanderer(restFunction=""Bar"")",Settlement,,0,work destination requires placed station,not recovered
1587,1,accord,"Arch_MedRangedHumanoid_Attack(hurtAvoidance=1,moveChance=.75,maxMove=10,enterCombatDiveRollChance=.75)",Wilderness,,0,,not recovered
1588,1,accord,"PeacetimeCityWanderer(restFunction=""Bar"")",Settlement,,0,work destination requires placed station,not recovered
1589,1,accord,"Arch_MedRangedHumanoid_Base(triggerPullTime=1500,fireRestDuration=1000)",Wilderness,,0,,not recovered
1590,1,accord,"Arch_MedRangedHumanoid_Base(triggerPullTime=1500,fireRestDuration=1000)",Wilderness,,0,,not recovered
1592,8,bandit,"Arch_MedRangedAbilityUser_Base(triggerPullTime=1500,fireRestDuration=1000,am1Id=95479)",Wilderness,,0,,not recovered
1593,1,accord,"AlertAndInteractive(interactionType=""Generic"")",Settlement,,0,,not recovered
1594,1,accord,"AlertAndInteractive(interactionType=""HolsterTalk"")",Settlement,,0,,not recovered
1596,8,bandit,"Arch_MedRangedAbilityUser_Base(am1Id=86465, am1Cooldown = 3000, am1MinDist = 0, am1MaxDist = 50, am2Id=96949, am2Cooldown = 10000, am2MinDist = 0, am2MaxDist = 10, useWeaponRange = 0, triggerPullTime=8000)",Wilderness,,0,,not recovered
1597,7,gaea,,Wilderness,,0,empty invocation has unresolved CAIS instance,not recovered
1599,8,bandit,"Arch_AdditiveMelee_Base(combatDist=10,minDist=5)",Wilderness,,0,,not recovered
1600,1,accord,"Arch_MoveThenFire_Base(triggerPullTime=4000,combatWalk=false,combatDist=27)",Wilderness,,0,,not recovered
1601,1,accord,"PeacetimeCityWanderer(restFunction=""Bar"")",Settlement,,0,work destination requires placed station,not recovered
1602,1,accord,"PeacetimeCityWanderer(restFunction=""Bar"")",Settlement,,0,work destination requires placed station,not recovered
1603,1,accord,"AlertAndLookAtPlayer(emote=""sittingchair01"")",Settlement,,0,pose may require an assigned prop,not recovered
1604,1,accord,"PeacetimeCityWanderer(restFunction=""Bar"")",Settlement,,0,work destination requires placed station,not recovered
1605,4,friendly,Arch_MedRangedHumanoid_Base(combatDist=10),Wilderness,,0,,not recovered
1606,1,accord,"AlertAndInteractive(interactionType=""HolsterTalk"",emote=""smoking01"")",Settlement,,0,,not recovered
1607,1,accord,"AlertAndInteractive(interactionType=""HolsterTalk"",emote=""sittingchair03"")",Settlement,,0,pose may require an assigned prop,not recovered
1608,1,accord,,Wilderness,,0,empty invocation has unresolved CAIS instance,not recovered
1609,7,gaea,,Wilderness,,0,empty invocation has unresolved CAIS instance,not recovered
1610,1,accord,"AlertAndInteractive(emote=""sittingchair05"", interactionType=""HolsterTalk"")",Settlement,,0,pose may require an assigned prop,not recovered
1611,1,accord,GuardCityWanderer,Settlement,,0,,not recovered
1612,1,accord,GuardCityWanderer,Settlement,,0,,not recovered
1613,1,accord,"UseAbilityOnInteract(interactionType=""HolsterTalk"", abilityId = 140662)",Settlement,,0,,not recovered
1614,1,accord,"AlertAndInteractive(interactionType=""HolsterTalk"", emote=""waiting02"")",Settlement,,0,,not recovered
1615,1,accord,"AlertAndLookAtPlayer(interactionType=""Generic"")",Settlement,,0,,not recovered
1616,1,accord,"Arch_MoveThenFire_Base(triggerPullTime=4000,combatWalk=false,combatDist=27)",Wilderness,,0,,not recovered
1617,1,accord,"AlertAndInteractive(interactionType=""HolsterTalk"")",Settlement,,0,,not recovered
1618,8,bandit,,Wilderness,,0,empty invocation has unresolved CAIS instance,not recovered
1619,8,bandit,"Arch_MoveThenFire_Base(triggerPullTime=4000,combatWalk=false,combatDist=27,am1Id=96478)",Wilderness,,0,,not recovered
1620,7,gaea,"LandSharkMiniBoss(requireCritHit=false,critHitAbilityId=81403,critHitAbilitySlot=1,combatDist=4.0,rangedAbilityId=82357,targetRequiredEffect=8017)",Wilderness,,0,,not recovered
1621,1,accord,"AlertAndInteractive(interactionType=""HolsterTalk"",emote=""waiting02"")",Settlement,,0,,not recovered
1622,1,accord,Arch_MedRangedHumanoid_Base(combatDist=10),Wilderness,,0,,not recovered
1623,1,accord,"PeacetimeCityWanderer(restFunction=""Market"")",Settlement,,0,work destination requires placed station,not recovered
1624,1,accord,"PeacetimeCityWanderer(restFunction=""Market"")",Settlement,,0,work destination requires placed station,not recovered
1625,1,accord,"PeacetimeCityWanderer(restFunction=""Market"")",Settlement,,0,work destination requires placed station,not recovered
1626,1,accord,"PeacetimeCityWanderer(restFunction=""Bar"")",Settlement,,0,work destination requires placed station,not recovered
1627,1,accord,"PeacetimeCityWanderer(restFunction=""Bar"")",Settlement,,0,work destination requires placed station,not recovered
1628,1,accord,"PeacetimeCityWanderer(restFunction=""Bar"")",Settlement,,0,work destination requires placed station,not recovered
1629,1,accord,"PeacetimeCityWanderer(restFunction=""Bar"")",Settlement,,0,work destination requires placed station,not recovered
1630,7,gaea,,Wilderness,,0,empty invocation has unresolved CAIS instance,not recovered
1631,1,accord,"AlertAndInteractive(emote=""crouchSupply"",emoteDuration=-1)",Settlement,,0,,not recovered
1632,1,accord,"AlertAndInteractive(interactionType=""HolsterTalk"", emote=""waiting02"")",Settlement,,0,,not recovered
1633,1,accord,"AlertAndInteractive(interactionType=""HolsterTalk"")",Settlement,,0,,not recovered
1634,1,accord,"AlertAndInteractive(interactionType=""HolsterTalk"",emote=""lounge01"")",Settlement,,0,,not recovered
1635,1,accord,,Wilderness,,0,empty invocation has unresolved CAIS instance,not recovered
1636,1,accord,"AlertAndInteractive(interactionType=""HolsterTalk"",emote=""waiting02"")",Settlement,,0,,not recovered
1637,1,accord,"AlertAndInteractive(interactionType=""HolsterTalk"",emote=""waiting01"")",Settlement,,0,,not recovered
1638,8,bandit,Arch_AdditiveMelee_Base,Wilderness,,0,,not recovered
1639,8,bandit,Arch_AdditiveMelee_Base,Wilderness,,0,,not recovered
1640,1,accord,"AlertAndInteractive(helloScript=""Util: Look At Target (Client Side only)"",goodbyescript="""",emote=""kioskviewer2"",emoteDuration=-1)",Settlement,,0,,not recovered
1641,1,accord,,Wilderness,,0,empty invocation has unresolved CAIS instance,not recovered
1642,1,accord,"AlertAndInteractive(helloScript=""Util: Look At Target (Client Side only)"",goodbyescript="""",emote=""gesture2"",emoteDuration=-1)",Settlement,,0,,not recovered
1643,1,accord,"AlertAndInteractive(helloScript=""Util: Look At Target (Client Side only)"",goodbyescript="""",emote=""kioskviewer2"",emoteDuration=-1)",Settlement,,0,,not recovered
1644,1,accord,"AlertAndInteractive(helloScript=""Util: Look At Target (Client Side only)"",goodbyescript="""",emote=""gesture3"",emoteDuration=-1)",Settlement,,0,,not recovered
1645,1,accord,"AlertAndInteractive(helloScript=""Util: Look At Target (Client Side only)"",goodbyescript="""",emote=""kioskviewer3"",emoteDuration=-1)",Settlement,,0,,not recovered
1646,1,accord,"AlertAndInteractive(interactionType=""HolsterTalk"",emote=""sittingchair05"")",Settlement,,0,pose may require an assigned prop,not recovered
1647,1,accord,"AlertAndInteractive(helloScript=""Util: Look At Target (Client Side only)"",goodbyescript="""",emote=""kioskviewer1"",emoteDuration=-1)",Settlement,,0,,not recovered
1648,1,accord,"AlertAndInteractive(interactionType=""HolsterTalk"",greetingSet=225)",Settlement,,0,,not recovered
1649,1,accord,"AlertAndInteractive(interactionType=""HolsterTalk"")",Settlement,,0,,not recovered
1650,1,accord,GuardCityWanderer,Settlement,,0,,not recovered
1651,4,friendly,,Wilderness,,0,empty invocation has unresolved CAIS instance,not recovered
1652,1,accord,"Arch_MedRangedHumanoid_Base(triggerPullTime=1500,fireRestDuration=1000)",Wilderness,,0,,not recovered
1653,1,accord,,Wilderness,,0,empty invocation has unresolved CAIS instance,not recovered
1654,4,friendly,,Wilderness,,0,empty invocation has unresolved CAIS instance,not recovered
1655,8,bandit,"RaiderBaronMiniBoss(grenadeAbilityId = 85889,missileAbilityId=85889,strafeChance=1.0,jukeChance=0,useDiveRoll=false)",Wilderness,,0,,not recovered
1656,8,bandit,"Arch_AdditiveMelee_Base(combatDist=10,minDist=5)",Wilderness,,0,,not recovered
1657,8,bandit,"RaiderBaronMiniBoss(grenadeAbilityId = 85889,missileAbilityId=85889,strafeChance=1.0,jukeChance=0,useDiveRoll=false)",Wilderness,,0,,not recovered
1658,2,chosen,"Arch_MedRangedHumanoid_Base(triggerPullTime=2000,fireRestDuration=9000,combatDist=30)",Melding|Wilderness,,0,,not recovered
1659,1,accord,,Wilderness,,0,,not recovered
1660,1,accord,"Arch_MedRangedHumanoid_Base(triggerPullTime=1800,am1Id = 33833, am1Cooldown = 1700, am1Chance = 0.65, am1Timeout = 1000, am2Id = 33812, am2Cooldown = 1700, am2Chance = 0.65,  am2Timeout = 1000, fireRestDuration = 3000)",Wilderness,,0,,not recovered
1661,1,accord,,Wilderness,,0,empty invocation has unresolved CAIS instance,not recovered
1662,8,bandit,"RaiderBaronMiniBoss(grenadeAbilityId = 85889,missileAbilityId=85889,strafeChance=1.0,jukeChance=0,useDiveRoll=false)",Wilderness,,0,,not recovered
1663,1,accord,Arch_MedRangedHumanoid_Base(combatDist=10),Wilderness,,0,,not recovered
1664,2,chosen,"Arch_MoveThenFire_Base(triggerPullTime=5000, fireRestDuration = 800, combatDist = 35, calmWalk=false, combatWalk=true,am1Id = 33833, am1Cooldown = 1700, am1Chance = 0.65, am1Timeout = 1000)",Melding|Wilderness,,0,,not recovered
1665,8,bandit,,Wilderness,,0,empty invocation has unresolved CAIS instance,not recovered
1666,7,gaea,,Wilderness,,0,empty invocation has unresolved CAIS instance,not recovered
1667,1,accord,"PeacetimeCityWanderer(restFunction=""Bar"")",Settlement,,0,work destination requires placed station,not recovered
1668,1,accord,GuardCityWanderer,Settlement,,0,,not recovered
1669,8,bandit,"Arch_MedRangedHumanoid_Base(triggerPullTime = 5000, fireRestDuration = 3000)",Wilderness,,0,,not recovered
1670,8,bandit,Arch_MedRangedHumanoid_Base(combatDist=10),Wilderness,,0,,not recovered
1671,1,accord,,Wilderness,,0,,not recovered
1672,1,accord,StationaryCivilianDialog(private_id=10474),Settlement,,0,,not recovered
1673,8,bandit,Arch_MedRangedHumanoid_Base,Wilderness,,0,,not recovered
1674,1,accord,"AlertAndInteractive(interactionType=""Generic"")",Settlement,,0,,not recovered
1675,1,accord,"AlertAndInteractive(interactionType=""Generic"")",Settlement,,0,,not recovered
1676,1,accord,"AlertAndInteractive(interactionType=""Generic"")",Settlement,,0,,not recovered
1677,1,accord,"AlertAndInteractive(interactionType=""Generic"")",Settlement,,0,,not recovered
1678,8,bandit,"Arch_MedRangedHumanoid_Base(combatDist=28,triggerPullTime=1000,fireRestDuration=3000)",Wilderness,,0,,not recovered
1679,8,bandit,"RaiderBaronMiniBoss(grenadeAbilityId = 85889,missileAbilityId=85889,strafeChance=1.0,jukeChance=0.2,useDiveRoll=true)",Wilderness,,0,,not recovered
1680,1,accord,"PeacetimeCityWanderer(restFunction=""Bar"")",Settlement,,0,work destination requires placed station,not recovered
1681,1,accord,"PeacetimeCityWanderer(restFunction=""Bar"")",Settlement,,0,work destination requires placed station,not recovered
1682,8,bandit,"AlertAndInteractive(emote=""working"", interactionType=""HolsterTalk"")",Settlement,,0,,not recovered
1683,8,bandit,"AlertAndInteractive(emote=""working"", interactionType=""HolsterTalk"")",Settlement,,0,,not recovered
1684,8,bandit,"AlertAndInteractive(emote=""working"", interactionType=""HolsterTalk"")",Settlement,,0,,not recovered
1685,8,bandit,"AlertAndInteractive(emote=""working"", interactionType=""HolsterTalk"")",Settlement,,0,,not recovered
1686,22,Black Hills Bandits,,Wilderness,,0,empty invocation has unresolved CAIS instance,not recovered
1687,1,accord,"AlertAndInteractive(interactionType=""HolsterTalk"")",Settlement,,0,,not recovered
1688,1,accord,,Wilderness,,0,empty invocation has unresolved CAIS instance,not recovered
1689,1,accord,"AlertAndInteractive(interactionType=""HolsterTalk"")",Settlement,,0,,not recovered
1690,1,accord,"AlertAndInteractive(interactionType=""HolsterTalk"")",Settlement,,0,,not recovered
1691,8,bandit,,Wilderness,,0,empty invocation has unresolved CAIS instance,not recovered
1692,1,accord,,Wilderness,,0,empty invocation has unresolved CAIS instance,not recovered
1694,1,accord,,Wilderness,,0,empty invocation has unresolved CAIS instance,not recovered
1695,1,accord,"AlertAndInteractive(interactionType=""HolsterTalk"")",Settlement,,0,,not recovered
1696,1,accord,"AlertAndInteractive(interactionType=""HolsterTalk"",emote=""officer"")",Settlement,,0,,not recovered
1697,1,accord,"AlertAndInteractive(interactionType=""HolsterTalk"")",Settlement,,0,,not recovered
1698,8,bandit,,Wilderness,,0,empty invocation has unresolved CAIS instance,not recovered
1699,1,accord,"AlertAndInteractive(helloScript=""Util: Look At Target (Client Side only)"",goodbyescript="""",emote=""officer"",emoteDuration=-1)",Settlement,,0,,not recovered
1700,8,bandit,,Wilderness,,0,empty invocation has unresolved CAIS instance,not recovered
1701,1,accord,"Arch_MedRangedHumanoid_Base(triggerPullTime=5000,am1Id = 33833, am1Cooldown = 1700, am1Chance = 0.65, am1Timeout = 1000, am2Id = 33812, am2Cooldown = 1700, am2Chance = 0.65,  am2Timeout = 1000)",Wilderness,,0,,not recovered
1702,2,chosen,"Arch_Sniper_Base(snipeToRunDist=20,runToSnipeDist=35)",Melding|Wilderness,,0,,not recovered
1703,1,accord,"AlertAndInteractive(interactionType=""Generic"")",Settlement,,0,,not recovered
1704,7,gaea,"RaiderBaronMiniBoss(grenadeAbilityId = 85889,missileAbilityId=85889,strafeChance=1.0,jukeChance=0.2,useDiveRoll=true)",Wilderness,,0,,not recovered
1705,1,accord,"PeacetimeCityWanderer(restFunction=""Bar"")",Settlement,,0,work destination requires placed station,not recovered
1706,1,accord,AlertAndLookAtPlayer,Settlement,,0,,not recovered
1707,1,accord,"OneOff_FireAtEnemy(triggerPullTime=2500, targetSelectDist=25)",Wilderness,,0,,not recovered
1708,1,accord,AggressiveWanderer,Wilderness,,0,,not recovered
1709,1,accord,"AlertAndInteractive(interactionType=""HolsterTalk"",greetingSet=310)",Settlement,,61,vendor location/uniqueness not assigned,not recovered
1710,1,accord,"AlertAndInteractive(interactionType=""HolsterTalk"",greetingSet=311)",Settlement,,63,vendor location/uniqueness not assigned,not recovered
1711,1,accord,"OneOff_FireAtEnemy(triggerPullTime=2500, targetSelectDist=25)",Wilderness,,0,,not recovered
1712,1,accord,"OneOff_FireAtEnemy(triggerPullTime=2500, targetSelectDist=25)",Wilderness,,0,,not recovered
1713,4,friendly,Arch_AdditiveMelee_Base,Wilderness,,0,,not recovered
1714,8,bandit,,Wilderness,,0,empty invocation has unresolved CAIS instance,not recovered
1715,8,bandit,Arch_MedRangedHumanoid_Base,Wilderness,,0,,not recovered
1716,8,bandit,,Wilderness,,0,empty invocation has unresolved CAIS instance,not recovered
1717,8,bandit,,Wilderness,,0,empty invocation has unresolved CAIS instance,not recovered
1718,8,bandit,,Wilderness,,0,empty invocation has unresolved CAIS instance,not recovered
1719,7,gaea,,Wilderness,,0,empty invocation has unresolved CAIS instance,not recovered
1720,7,gaea,,Wilderness,,0,empty invocation has unresolved CAIS instance,not recovered
1721,7,gaea,,Wilderness,,0,empty invocation has unresolved CAIS instance,not recovered
1722,7,gaea,,Wilderness,,0,empty invocation has unresolved CAIS instance,not recovered
1723,8,bandit,"Arch_AdditiveMelee_Base(combatDist=30,minDist=10)",Wilderness,,0,,not recovered
1724,7,gaea,,Wilderness,,0,empty invocation has unresolved CAIS instance,not recovered
1725,1,accord,,Wilderness,,0,empty invocation has unresolved CAIS instance,not recovered
1726,1,accord,,Wilderness,,0,empty invocation has unresolved CAIS instance,not recovered
1727,1,accord,,Wilderness,,0,empty invocation has unresolved CAIS instance,not recovered
1728,1,accord,,Wilderness,,0,empty invocation has unresolved CAIS instance,not recovered
1729,7,gaea,,Wilderness,,0,empty invocation has unresolved CAIS instance,not recovered
1730,6,melding,,Melding,,0,empty invocation has unresolved CAIS instance,not recovered
1731,1,accord,"Arch_MedRangedHumanoid_Base(triggerPullTime=2500,fireRestDuration=1500)",Wilderness,,0,,not recovered
1732,6,melding,,Melding,,0,empty invocation has unresolved CAIS instance,not recovered
1733,8,bandit,,Wilderness,,0,empty invocation has unresolved CAIS instance,not recovered
1734,7,gaea,,Wilderness,,0,empty invocation has unresolved CAIS instance,not recovered
1735,8,bandit,Arch_AdditiveMelee_Base,Wilderness,,0,,not recovered
1736,7,gaea,,Wilderness,,0,empty invocation has unresolved CAIS instance,not recovered
1737,8,bandit,,Wilderness,,0,empty invocation has unresolved CAIS instance,not recovered
1738,7,gaea,,Wilderness,,0,empty invocation has unresolved CAIS instance,not recovered
1739,8,bandit,Arch_AdditiveMelee_Base,Wilderness,,0,,not recovered
1740,8,bandit,"Arch_MedRangedHumanoid_Base(combatDist=10,triggerPullTime=3000,moveChance=1)",Wilderness,,0,,not recovered
1741,8,bandit,,Wilderness,,0,empty invocation has unresolved CAIS instance,not recovered
1742,8,bandit,,Wilderness,,0,empty invocation has unresolved CAIS instance,not recovered
1743,8,bandit,,Wilderness,,0,empty invocation has unresolved CAIS instance,not recovered
1744,8,bandit,,Wilderness,,0,empty invocation has unresolved CAIS instance,not recovered
1745,8,bandit,,Wilderness,,0,empty invocation has unresolved CAIS instance,not recovered
1746,7,gaea,,Wilderness,,0,empty invocation has unresolved CAIS instance,not recovered
1747,8,bandit,,Wilderness,,0,empty invocation has unresolved CAIS instance,not recovered
1748,8,bandit,"Arch_MedRangedHumanoid_Base(triggerPullTime=1500,fireRestDuration=1000)",Wilderness,,0,,not recovered
1749,7,gaea,,Wilderness,,0,empty invocation has unresolved CAIS instance,not recovered
1750,7,gaea,FeralCanineSquad(pounceChance=0.00),Wilderness,,0,,not recovered
1751,7,gaea,,Wilderness,,0,empty invocation has unresolved CAIS instance,not recovered
1752,7,gaea,FeralCanineSquad(pounceChance=0.00),Wilderness,,0,,not recovered
1753,7,gaea,,Wilderness,,0,empty invocation has unresolved CAIS instance,not recovered
1754,7,gaea,,Wilderness,,0,empty invocation has unresolved CAIS instance,not recovered
1755,7,gaea,,Wilderness,,0,empty invocation has unresolved CAIS instance,not recovered
1756,8,bandit,"Arch_MedRangedHumanoid_Base(triggerPullTime=1500,fireRestDuration=1000)",Wilderness,,0,,not recovered
1757,8,bandit,Arch_AdditiveMelee_Base,Wilderness,,0,,not recovered
1758,17,Tanken,,Wilderness,,0,empty invocation has unresolved CAIS instance,not recovered
1759,8,bandit,"Arch_MedRangedHumanoid_Base(triggerPullTime=1500,fireRestDuration=1000)",Wilderness,,0,,not recovered
1760,17,Tanken,,Wilderness,,0,empty invocation has unresolved CAIS instance,not recovered
1761,8,bandit,Arch_AdditiveMelee_Base,Wilderness,,0,,not recovered
1762,47,Ophanim,,Wilderness,,0,empty invocation has unresolved CAIS instance,not recovered
1763,46,Reapers,,Wilderness,,0,empty invocation has unresolved CAIS instance,not recovered
1764,46,Reapers,ChosenEngineerDrone,Wilderness,,0,,not recovered
1765,45,Rebels,,Wilderness,,0,empty invocation has unresolved CAIS instance,not recovered
1766,22,Black Hills Bandits,,Wilderness,,0,empty invocation has unresolved CAIS instance,not recovered
1767,22,Black Hills Bandits,,Wilderness,,0,empty invocation has unresolved CAIS instance,not recovered
1768,22,Black Hills Bandits,,Wilderness,,0,empty invocation has unresolved CAIS instance,not recovered
1769,7,gaea,Arch_FullbodyMelee_Base(combatDist=2),Wilderness,,0,,not recovered
1770,7,gaea,Arch_MedRanged_Base(combatDist=5),Wilderness,,0,,not recovered
1771,7,gaea,Arch_FullbodyMelee_Base(combatDist=1),Wilderness,,0,,not recovered
1772,7,gaea,Arch_FullbodyMelee_Base(combatDist=2),Wilderness,,0,,not recovered
1773,7,gaea,,Wilderness,,0,empty invocation has unresolved CAIS instance,not recovered
1774,7,gaea,,Wilderness,,0,empty invocation has unresolved CAIS instance,not recovered
1775,7,gaea,"Arch_MedRanged_Base(am1Id=96905, am1Cooldown=2000, am1MinDist=1, am1MaxDist=5,am1Facing=1)",Wilderness,,0,,not recovered
1776,7,gaea,,Wilderness,,0,empty invocation has unresolved CAIS instance,not recovered
1777,7,gaea,,Wilderness,,0,empty invocation has unresolved CAIS instance,not recovered
1778,7,gaea,,Wilderness,,0,empty invocation has unresolved CAIS instance,not recovered
1779,7,gaea,,Wilderness,,0,empty invocation has unresolved CAIS instance,not recovered
1780,7,gaea,,Wilderness,,0,empty invocation has unresolved CAIS instance,not recovered
1781,7,gaea,,Wilderness,,0,empty invocation has unresolved CAIS instance,not recovered
1782,7,gaea,,Wilderness,,0,empty invocation has unresolved CAIS instance,not recovered
1783,7,gaea,,Wilderness,,0,empty invocation has unresolved CAIS instance,not recovered
1784,7,gaea,,Wilderness,,0,empty invocation has unresolved CAIS instance,not recovered
1785,7,gaea,,Wilderness,,0,empty invocation has unresolved CAIS instance,not recovered
1786,7,gaea,,Wilderness,,0,empty invocation has unresolved CAIS instance,not recovered
1787,7,gaea,,Wilderness,,0,empty invocation has unresolved CAIS instance,not recovered
1788,7,gaea,,Wilderness,,0,empty invocation has unresolved CAIS instance,not recovered
1789,7,gaea,,Wilderness,,0,empty invocation has unresolved CAIS instance,not recovered
1790,7,gaea,,Wilderness,,0,empty invocation has unresolved CAIS instance,not recovered
1791,7,gaea,,Wilderness,,0,empty invocation has unresolved CAIS instance,not recovered
1792,1,accord,"Arch_MedRangedHumanoid_Attack(triggerPullTime=1500,fireRestDuration=1000)",Wilderness,,0,,not recovered
1793,7,gaea,,Wilderness,,0,empty invocation has unresolved CAIS instance,not recovered
1794,7,gaea,,Wilderness,,0,empty invocation has unresolved CAIS instance,not recovered
1795,7,gaea,,Wilderness,,0,empty invocation has unresolved CAIS instance,not recovered
1796,8,bandit,,Wilderness,,0,empty invocation has unresolved CAIS instance,not recovered
1797,7,gaea,,Wilderness,,0,empty invocation has unresolved CAIS instance,not recovered
1798,7,gaea,,Wilderness,,0,empty invocation has unresolved CAIS instance,not recovered
1799,7,gaea,,Wilderness,,0,empty invocation has unresolved CAIS instance,not recovered
1800,1,accord,,Wilderness,,0,,not recovered
1801,1,accord,"AlertAndInteractive(interactionType=""HolsterTalk"")",Settlement,,0,,not recovered
1802,1,accord,"PeacetimeCityWanderer(restFunction=""Bar"")",Settlement,,0,work destination requires placed station,not recovered
1803,1,accord,"AlertAndInteractive(interactionType=""HolsterTalk"" ,emote=""dataentry01"",emoteDuration=-1)    ",Settlement,,0,,not recovered
1804,8,bandit,"Arch_MedRangedHumanoid_Base(triggerPullTime=2500,fireRestDuration=1500)",Wilderness,,0,,not recovered
1805,1,accord,"AlertAndInteractive(interactionType=""Generic"")",Settlement,,0,,not recovered
1806,1,accord,"AlertAndInteractive(interactionType=""Generic"")",Settlement,,0,,not recovered
1807,1,accord,"AlertAndInteractive(interactionType=""Generic"")",Settlement,,0,,not recovered
1808,2,chosen,"Arch_MedRangedAbilityUser_Base(am1Id=96947, am1Cooldown = 3000, am1MinDist = 10, am1MaxDist = 40, am1Facing = 1, am1Targeted = 1, am2Id=96949, am2Cooldown = 10000, am2MinDist = 0, am2MaxDist = 10, useWeaponRange = 0, triggerPullTime=4000)",Melding|Wilderness,,0,,not recovered
1809,8,bandit,,Wilderness,,0,empty invocation has unresolved CAIS instance,not recovered
1810,8,bandit,,Wilderness,,0,empty invocation has unresolved CAIS instance,not recovered
1811,8,bandit,,Wilderness,,0,empty invocation has unresolved CAIS instance,not recovered
1812,8,bandit,,Wilderness,,0,empty invocation has unresolved CAIS instance,not recovered
1813,5,monster,Arch_AdditiveMelee_Base,Wilderness,,0,,not recovered
1814,1,accord,"AlertAndInteractive(emote=""calm"", interactionType=""HolsterTalk"")",Settlement,,0,,not recovered
1815,8,bandit,Arch_MedRangedHumanoid_Base(combatDist=10),Wilderness,,0,,not recovered
1816,8,bandit,Arch_MedRangedHumanoid_Base(combatDist=10),Wilderness,,0,,not recovered
1817,8,bandit,Arch_MedRangedHumanoid_Base(combatDist=10),Wilderness,,0,,not recovered
1818,8,bandit,Arch_MedRangedHumanoid_Base(combatDist=10),Wilderness,,0,,not recovered
1819,1,accord,"AlertAndInteractive(interactionType=""HolsterTalk"")",Settlement,,0,,not recovered
1820,1,accord,,Wilderness,,0,empty invocation has unresolved CAIS instance,not recovered
1821,1,accord,"AlertAndInteractive(interactionType=""HolsterTalk"",greetingSet=310)",Settlement,,64,vendor location/uniqueness not assigned,not recovered
1822,1,accord,"AlertAndInteractive(interactionType=""HolsterTalk"",greetingSet=311)",Settlement,,66,vendor location/uniqueness not assigned,not recovered
1823,1,accord,"AlertAndInteractive(interactionType=""HolsterTalk"",greetingSet=310)",Settlement,,68,vendor location/uniqueness not assigned,not recovered
1824,8,bandit,,Wilderness,,0,empty invocation has unresolved CAIS instance,not recovered
1825,1,accord,"AlertAndInteractive(interactionType=""Generic"")",Settlement,,0,,not recovered
1826,1,accord,"AlertAndInteractive(interactionType=""Generic"")",Settlement,,0,,not recovered
1827,1,accord,"AlertAndInteractive(interactionType=""Generic"")",Settlement,,0,,not recovered
1828,1,accord,"Arch_MedRangedHumanoid_Base(triggerPullTime=5000,am1Id = 33833, am1Cooldown = 1700, am1Chance = 0.65, am1Timeout = 1000, am2Id = 33812, am2Cooldown = 1700, am2Chance = 0.65,  am2Timeout = 1000)",Wilderness,,0,,not recovered
1829,1,accord,"Arch_MedRangedHumanoid_Base(triggerPullTime=5000,am1Id = 33833, am1Cooldown = 1700, am1Chance = 0.65, am1Timeout = 1000, am2Id = 33812, am2Cooldown = 1700, am2Chance = 0.65,  am2Timeout = 1000)",Wilderness,,0,,not recovered
1830,1,accord,"Arch_MedRangedHumanoid_Base(triggerPullTime=5000,am1Id = 33833, am1Cooldown = 1700, am1Chance = 0.65, am1Timeout = 1000, am2Id = 33812, am2Cooldown = 1700, am2Chance = 0.65,  am2Timeout = 1000)",Wilderness,,0,,not recovered
1831,1,accord,"AlertAndInteractive(interactionType=""Generic"")",Settlement,,0,,not recovered
1832,1,accord,"AlertAndInteractive(interactionType=""Generic"")",Settlement,,0,,not recovered
1833,1,accord,"AlertAndInteractive(interactionType=""Generic"")",Settlement,,0,,not recovered
1834,1,accord,Arch_MedRangedHumanoid_Base,Wilderness,,0,,not recovered
1835,1,accord,Arch_MedRangedHumanoid_Base,Wilderness,,0,,not recovered
1836,1,accord,"AlertAndInteractive(interactionType=""HolsterTalk"")",Settlement,,0,,not recovered
1837,8,bandit,,Wilderness,,0,empty invocation has unresolved CAIS instance,not recovered
1838,8,bandit,,Wilderness,,0,empty invocation has unresolved CAIS instance,not recovered
1839,8,bandit,,Wilderness,,0,empty invocation has unresolved CAIS instance,not recovered
1840,1,accord,"AlertAndInteractive(interactionType=""HolsterTalk"")",Settlement,,0,,not recovered
1841,1,accord,"AlertAndInteractive(interactionType=""Generic"")",Settlement,,0,,not recovered
1842,1,accord,"AlertAndInteractive(interactionType=""Generic"")",Settlement,,0,,not recovered
1843,7,gaea,,Wilderness,,0,empty invocation has unresolved CAIS instance,not recovered
1844,2,chosen,"Arch_MedRangedHumanoid_Base(triggerPullTime=2000,fireRestDuration=9000,combatDist=30,noticePlayerOn=1,noticePlayerVoId=18887,noticePlayerVoUseSet=0)",Melding|Wilderness,,0,,not recovered
1845,8,bandit,"AlertAndInteractive(interactionType=""Generic"")",Settlement,,0,,not recovered
1846,1,accord,"AlertAndInteractive(interactionType=""HolsterTalk"")",Settlement,,0,,not recovered
1847,1,accord,"AlertAndInteractive(interactionType=""HolsterTalk"")",Settlement,,0,,not recovered
1848,2,chosen,"Arch_MedRangedHumanoid_Base(triggerPullTime=1500,fireRestDuration=2500,combatDist=30,noticePlayerOn=1,noticePlayerVoId=18887,noticePlayerVoUseSet=0,targetTagLimit=0)",Melding|Wilderness,,0,,not recovered
1849,8,bandit,"Arch_MedRangedHumanoid_Base(combatDist=7,hurtAvoidance=1,moveChance=.75,maxMove=10,enterCombatDiveRollChance=.75)",Wilderness,,0,,not recovered
1850,8,bandit,Arch_MedRangedHumanoid_Base(triggerPullTime=2000),Wilderness,,0,,not recovered
1851,8,bandit,Arch_MedRangedHumanoid_Base,Wilderness,,0,,not recovered
1852,1,accord,"Arch_MedRangedHumanoid_Attack(hurtAvoidance=1,moveChance=.75,maxMove=10,enterCombatDiveRollChance=.75)",Wilderness,,0,,not recovered
1853,2,chosen,Arch_AdditiveMelee_Base,Melding|Wilderness,,0,,not recovered
1854,2,chosen,"Arch_MedRangedHumanoid_Base(triggerPullTime=1500,fireRestDuration=2500,combatDist=30,noticePlayerVoId=18887,noticePlayerVoUseSet=0,targetTagLimit=0)",Melding|Wilderness,,0,,not recovered
1855,1,accord,"AlertAndInteractive(interactionType=""HolsterTalk"")",Settlement,,0,,not recovered
1856,1,accord,"PeacetimeCityWanderer(restFunction=""Market"")",Settlement,,0,work destination requires placed station,not recovered
1857,1,accord,"AlertAndInteractive(interactionType=""HolsterTalk"",emote=""officer"",emoteDuration=-1)",Settlement,,0,,not recovered
1858,1,accord,"AlertAndInteractive(interactionType=""Generic"")",Settlement,,0,,not recovered
1859,1,accord,"GuardCityWanderer(greetingSet=234,numGreetEmotes=1,emote1=""wave"")",Settlement,,0,,not recovered
1860,1,accord,"PeacetimeCityWanderer(restFunction=""Market"",numGreetEmotes=1,emote1=""wave"")",Settlement,,0,work destination requires placed station,not recovered
1861,1,accord,"PeacetimeCityWanderer(restFunction=""Market"",numGreetEmotes=1,emote1=""wave"")",Settlement,,0,work destination requires placed station,not recovered
1862,22,Black Hills Bandits,"Arch_MedRangedHumanoid_Base(noticePlayerOn=1,noticePlayerVoId=33915,noticePlayerVoUseSet=0,fireRestDuration=1000,triggerPullTime=1500,targetSelectDist=30)",Wilderness,,0,,not recovered
1863,4,friendly,,Wilderness,,0,,not recovered
1864,1,accord,"BasicCivilian_Stationary(greetingSet=1197, perceptionDist=10)",Settlement,,0,,not recovered
1865,1,accord,"AlertAndInteractive(interactionType=""HolsterTalk"",emote=""officer"")",Settlement,,0,,not recovered
1866,1,accord,"AlertAndInteractive(interactionType=""HolsterTalk"")",Settlement,,0,,not recovered
1867,1,accord,PeacetimeCityWanderer,Settlement,,0,,not recovered
1868,1,accord,PeacetimeCityWanderer,Settlement,,0,,not recovered
1869,1,accord,Null,Excluded,explicit classifier exclusion,0,,not recovered
1870,1,accord,PeacetimeCityWanderer,Settlement,,0,,not recovered
1871,1,accord,GuardCityWanderer,Settlement,,0,,not recovered
1872,1,accord,"Arch_MedRangedHumanoid_Attack(triggerPullTime=5000,fireRestDuration=1000)",Wilderness,,0,,not recovered
1873,1,accord,"Arch_MedRangedHumanoid_Attack(triggerPullTime=5000,fireRestDuration=1000)",Wilderness,,0,,not recovered
1874,1,accord,GuardCityWanderer,Settlement,,0,,not recovered
1875,8,bandit,"Arch_MedRangedHumanoid_Base(triggerPullTime=1500,fireRestDuration=1000)",Wilderness,,0,,not recovered
1876,8,bandit,"Arch_MedRangedHumanoid_Base(triggerPullTime=1500,fireRestDuration=1000)",Wilderness,,0,,not recovered
1877,8,bandit,,Wilderness,,0,empty invocation has unresolved CAIS instance,not recovered
1878,1,accord,"PeacetimeCityWanderer(restFunction=""Bar"")",Settlement,,0,work destination requires placed station,not recovered
1879,8,bandit,"Arch_MedRangedAbilityUser_Base(am1Id=86465, am1Cooldown = 3000, am1MinDist = 0, am1MaxDist = 50, am2Id=86465, am2Cooldown = 10000, am2MinDist = 0, am2MaxDist = 10, useWeaponRange = 0, triggerPullTime=8000)",Wilderness,,0,,not recovered
1880,45,Rebels,,Wilderness,,0,empty invocation has unresolved CAIS instance,not recovered
1881,45,Rebels,,Wilderness,,0,empty invocation has unresolved CAIS instance,not recovered
1882,17,Tanken,,Wilderness,,0,empty invocation has unresolved CAIS instance,not recovered
1883,8,bandit,,Wilderness,,0,empty invocation has unresolved CAIS instance,not recovered
1884,8,bandit,,Wilderness,,0,empty invocation has unresolved CAIS instance,not recovered
1885,8,bandit,,Wilderness,,0,empty invocation has unresolved CAIS instance,not recovered
1886,8,bandit,,Wilderness,,0,empty invocation has unresolved CAIS instance,not recovered
1887,1,accord,"AlertAndInteractive(interactionType=""HolsterTalk"",emote=""guard"")",Settlement,,0,,not recovered
1888,1,accord,"AlertAndInteractive(interactionType=""HolsterTalk"",emote=""officer"")",Settlement,,0,,not recovered
1889,1,accord,"AlertAndInteractive(interactionType=""HolsterTalk"",emote=""calm"")",Settlement,,0,,not recovered
1890,1,accord,"AlertAndInteractive(interactionType=""HolsterTalk"",emote=""guard"")",Settlement,,0,,not recovered
1891,1,accord,PlayerPet,Excluded,explicit classifier exclusion,0,,not recovered
1892,1,accord,"AlertAndInteractive(interactionType=""HolsterTalk"",emote=""officer"",emoteDuration=-1)",Settlement,,0,,not recovered
1893,1,accord,GuardCityWanderer,Settlement,,0,,not recovered
1894,1,accord,GuardCityWanderer,Settlement,,0,,not recovered
1895,1,accord,"AlertAndInteractive(greetingSet=311, leashToSpawn=true, despawnWhenStuck=true)",Settlement,,69,vendor location/uniqueness not assigned,not recovered
1896,1,accord,GuardCityWanderer,Settlement,,0,,not recovered
1897,1,accord,"Arch_MoveThenFire_Base(triggerPullTime=3000, fireRestDuration = 1000, combatDist = 30, calmWalk=false, combatWalk=true)",Wilderness,,0,,not recovered
1898,1,accord,"Arch_MoveThenFire_Base(triggerPullTime=4000,combatWalk=false,combatDist=27, am1Id = 33833, am1Cooldown = 1700, am1Chance = 0.65, am1Timeout = 1000, am2Id = 33812, am2Cooldown = 1700, am2Chance = 0.65,  am2Timeout = 1000)",Wilderness,,0,,not recovered
1899,1,accord,Arch_MedRangedHumanoid_Base,Wilderness,,0,,not recovered
1900,1,accord,Null,Excluded,no representation,0,,not recovered
1901,1,accord,"AlertAndInteractive(interactionType=""HolsterTalk"")",Settlement,,0,,not recovered
1902,1,accord,"AlertAndInteractive(interactionType=""HolsterTalk"",emote=""officer"")",Settlement,,0,,not recovered
1903,1,accord,"AlertAndInteractive(interactionType=""HolsterTalk"",emote=""officer"")",Settlement,,0,,not recovered
1904,1,accord,"AlertAndInteractive(interactionType=""HolsterTalk"",emote=""officer"")",Settlement,,0,,not recovered
1905,1,accord,"AlertAndInteractive(interactionType=""HolsterTalk"",emote=""officer"")",Settlement,,0,,not recovered
1906,1,accord,"AlertAndInteractive(interactionType=""HolsterTalk"",emote=""officer"")",Settlement,,0,,not recovered
1907,1,accord,"AlertAndInteractive(interactionType=""HolsterTalk"",emote=""officer"")",Settlement,,0,,not recovered
1908,4,friendly,,Wilderness,,0,empty invocation has unresolved CAIS instance,not recovered
1909,1,accord,AlertAndLookAtPlayer,Settlement,,0,,not recovered
1910,1,accord,AlertAndLookAtPlayer,Settlement,,0,,not recovered
1911,1,accord,AlertAndLookAtPlayer,Settlement,,0,,not recovered
1912,1,accord,AlertAndLookAtPlayer,Settlement,,0,,not recovered
1913,1,accord,AlertAndLookAtPlayer,Settlement,,0,,not recovered
1914,1,accord,AlertAndLookAtPlayer,Settlement,,0,,not recovered
1915,1,accord,Arch_MedRangedHumanoid_Base,Wilderness,,0,,not recovered
1916,1,accord,FaceAndAttack(burstDuration=10000),Wilderness,,0,,not recovered
1917,1,accord,Arch_MedRangedHumanoid_Base,Wilderness,,0,,not recovered
1918,1,accord,Arch_MedRangedHumanoid_Defend(reviveOn=1),Wilderness,,0,,not recovered
1919,1,accord,Arch_MedRangedHumanoid_Base,Wilderness,,0,,not recovered
1920,1,accord,"AlertAndInteractive(interactionType=""HolsterTalk"")",Settlement,,0,,not recovered
1921,1,accord,"AlertAndInteractive(interactionType=""HolsterTalk"",emote=""officer"")",Settlement,,0,,not recovered
1922,1,accord,Arch_MedRangedHumanoid_Base,Wilderness,,0,,not recovered
1923,1,accord,"AlertAndInteractive(interactionType=""HolsterTalk"")",Settlement,,0,,not recovered
1924,1,accord,"AlertAndInteractive(emote=""waiting02"", interactionType=""HolsterTalk"")",Settlement,,0,,not recovered
1925,1,accord,HolsterWeapon,Wilderness,,0,,not recovered
1926,1,accord,"Arch_MedRangedHumanoid_Base(triggerPullTime=2500,fireRestDuration=500)",Wilderness,,0,,not recovered
1927,1,accord,,Wilderness,,0,,not recovered
1928,1,accord,"AlertAndInteractive(emote=""working"", interactionType=""HolsterTalk"")",Settlement,,0,,not recovered
1929,1,accord,"PerformEmote(emote=""statuepose01"")",Settlement,,0,,not recovered
1930,1,accord,"PerformEmote(emote=""statuepose03"")",Settlement,,0,,not recovered
1931,1,accord,"PerformEmote(emote=""statuepose02"")",Settlement,,0,,not recovered
1932,1,accord,HolsterWeapon,Wilderness,,0,,not recovered
1933,1,accord,"AlertAndInteractive(interactionType=""HolsterTalk"",greetingSet=310)",Settlement,,70,vendor location/uniqueness not assigned,not recovered
1934,1,accord,"AlertAndInteractive(interactionType=""HolsterTalk"",greetingSet=311)",Settlement,,71,vendor location/uniqueness not assigned,not recovered
1935,1,accord,"AlertAndInteractive(interactionType=""HolsterTalk"",greetingSet=310)",Settlement,,72,vendor location/uniqueness not assigned,not recovered
1936,1,accord,"AlertAndInteractive(interactionType=""HolsterTalk"",greetingSet=310)",Settlement,,73,vendor location/uniqueness not assigned,not recovered
1937,1,accord,"AlertAndInteractive(interactionType=""HolsterTalk"",greetingSet=310)",Settlement,,74,vendor location/uniqueness not assigned,not recovered
1938,1,accord,OneOff_FireAtEnemy,Wilderness,,0,,not recovered
1939,1,accord,"AlertAndInteractive(interactionType=""HolsterTalk"",greetingSet=311)",Settlement,,75,vendor location/uniqueness not assigned,not recovered
1940,1,accord,"AlertAndInteractive(interactionType=""HolsterTalk"",greetingSet=310)",Settlement,,76,vendor location/uniqueness not assigned,not recovered
1941,1,accord,"AlertAndInteractive(interactionType=""HolsterTalk"",greetingSet=311)",Settlement,,78,vendor location/uniqueness not assigned,not recovered
1942,1,accord,"AlertAndInteractive(interactionType=""HolsterTalk"",greetingSet=310)",Settlement,,77,vendor location/uniqueness not assigned,not recovered
1943,1,accord,"AlertAndInteractive(interactionType=""HolsterTalk"",greetingSet=310)",Settlement,,79,vendor location/uniqueness not assigned,not recovered
1944,1,accord,"AlertAndInteractive(interactionType=""HolsterTalk"",greetingSet=311)",Settlement,,80,vendor location/uniqueness not assigned,not recovered
1945,1,accord,"AlertAndInteractive(interactionType=""HolsterTalk"",greetingSet=310)",Settlement,,81,vendor location/uniqueness not assigned,not recovered
1946,1,accord,"AlertAndInteractive(perceptionDist=6,interactionType=""none"",greetingSet=236, lookAtTarget=1,longRange=1, restoreOnExit=1)",Settlement,,0,,not recovered
1947,1,accord,"AlertAndLookAtPlayer(emote=""curious01"")",Settlement,,0,,not recovered
1948,1,accord,"AlertAndLookAtPlayer(emote=""townstool1"")",Settlement,,0,,not recovered
1949,1,accord,"AlertAndLookAtPlayer(emote=""townbar4"")",Settlement,,0,,not recovered
1950,1,accord,"AlertAndLookAtPlayer(emote=""curious02"")",Settlement,,0,,not recovered
1951,1,accord,"AlertAndLookAtPlayer(emote=""sittingstairs01"")",Settlement,,0,,not recovered
1952,1,accord,"AlertAndLookAtPlayer(emote=""sittingchair05"")",Settlement,,0,pose may require an assigned prop,not recovered
1953,1,accord,"AlertAndLookAtPlayer(emote=""kioskviewer3"")",Settlement,,0,,not recovered
1954,1,accord,"AlertAndLookAtPlayer(emote=""kioskviewer2"")",Settlement,,0,,not recovered
1955,1,accord,"AlertAndInteractive(interactionType=""HolsterTalk"")",Settlement,,0,,not recovered
1956,1,accord,"AlertAndLookAtPlayer(emote=""townlean4M"")",Settlement,,0,pose may require an assigned prop,not recovered
1957,1,accord,"AlertAndLookAtPlayer(emote=""townbar1"")",Settlement,,0,,not recovered
1958,1,accord,"AlertAndInteractive(greetingSet=310, leashToSpawn=true, despawnWhenStuck=true)",Settlement,,0,,not recovered
1959,1,accord,"AlertAndInteractive(greetingSet=310, leashToSpawn=true, despawnWhenStuck=true)",Settlement,,0,,not recovered
1960,1,accord,"AlertAndInteractive(interactionType=""holsterTalk"")",Settlement,,0,,not recovered
1961,1,accord,,Wilderness,,0,empty invocation has unresolved CAIS instance,not recovered
1962,1,accord,,Wilderness,,0,empty invocation has unresolved CAIS instance,not recovered
1963,1,accord,"AlertAndLookAtPlayer(emote=""gesture2"")",Settlement,,0,,not recovered
1964,1,accord,GuardCityWanderer,Settlement,,0,,not recovered
1965,1,accord,"AlertAndLookAtPlayer(emote=""guard"")",Settlement,,0,,not recovered
1966,1,accord,"AlertAndLookAtPlayer(emote=""kioskviewer1"")",Settlement,,0,,not recovered
1967,1,accord,"AlertAndLookAtPlayer(emote=""kioskviewer1"")",Settlement,,0,,not recovered
1968,1,accord,"AlertAndLookAtPlayer(emote=""kioskviewer2"")",Settlement,,0,,not recovered
1969,1,accord,"AlertAndLookAtPlayer(emote=""kioskviewer2"")",Settlement,,0,,not recovered
1970,1,accord,"AlertAndLookAtPlayer(emote=""kioskviewer3"")",Settlement,,0,,not recovered
1971,1,accord,"AlertAndLookAtPlayer(emote=""kioskviewer3"")",Settlement,,0,,not recovered
1972,1,accord,"AlertAndInteractive(interactionType=""HolsterTalk"")",Settlement,,0,,not recovered
1973,1,accord,"PeacetimeCityWanderer(restFunction=""Repair Work"")",Settlement,,0,work destination requires placed station,not recovered
1974,1,accord,"PeacetimeCityWanderer(restFunction=""Repair Work"")",Settlement,,0,work destination requires placed station,not recovered
1975,1,accord,"PeacetimeCityWanderer(restFunction=""Repair Work"")",Settlement,,0,work destination requires placed station,not recovered
1976,1,accord,GuardCityWanderer,Settlement,,0,,not recovered
1977,1,accord,GuardCityWanderer,Settlement,,0,,not recovered
1978,1,accord,"Arch_MedRangedHumanoid_Attack(triggerPullTime=1500,fireRestDuration=1000)",Wilderness,,0,,not recovered
1979,1,accord,GuardCityWanderer,Settlement,,0,,not recovered
1980,1,accord,GuardCityWanderer,Settlement,,0,,not recovered
1981,1,accord,GuardCityWanderer,Settlement,,0,,not recovered
1982,1,accord,Arch_MedRangedHumanoid_Base,Wilderness,,0,,not recovered
1983,4,friendly,PassivePet,Excluded,explicit classifier exclusion,0,,not recovered
1984,2,chosen,"Arch_MoveThenFire_Base(triggerPullTime=4000, fireRestDuration = 1000, combatDist = 30, am1Id = 33833, am1Cooldown = 1700, am1Chance = 0.65, am1Timeout = 1000, am2Id = 33812, am2Cooldown = 1700, am2Chance = 0.65,  am2Timeout = 1000)",Melding|Wilderness,,0,,not recovered
1985,1,accord,,Wilderness,,0,,not recovered
1986,1,accord,"AlertAndInteractive(interactionType=""HolsterTalk"")",Settlement,,0,,not recovered
1987,1,accord,AggressiveWanderer,Wilderness,,0,,not recovered
1988,1,accord,,Wilderness,,0,,not recovered
1989,4,friendly,Null,Excluded,explicit classifier exclusion,0,,not recovered
1990,1,accord,"BasicCivilian_Stationary(greetingSet=1197, perceptionDist=10)",Settlement,,0,,not recovered
1991,1,accord,AlertAndLookAtPlayer,Settlement,,0,,not recovered
1992,1,accord,,Wilderness,,0,,not recovered
1993,22,Black Hills Bandits,,Wilderness,,0,empty invocation has unresolved CAIS instance,not recovered
1994,1,accord,"GuardCityWanderer(greetingSet=1197,numGreetEmotes=1,emote1=""wave"")",Settlement,,0,,not recovered
1995,45,Rebels,,Wilderness,,0,empty invocation has unresolved CAIS instance,not recovered
1996,1,accord,AlertAndLookAtPlayer,Settlement,,0,,not recovered
1997,22,Black Hills Bandits,StationaryCivilianDialog(private_id=10474),Settlement,,0,,not recovered
1998,1,accord,AlertAndLookAtPlayer,Settlement,,0,,not recovered
1999,1,accord,AlertAndLookAtPlayer,Settlement,,0,,not recovered
2000,1,accord,AlertAndLookAtPlayer,Settlement,,0,,not recovered
2001,1,accord,AlertAndLookAtPlayer,Settlement,,0,,not recovered
2002,0,,AlertAndLookAtPlayer,Settlement,,0,,not recovered
2003,1,accord,AlertAndLookAtPlayer,Settlement,,0,,not recovered
2004,1,accord,AlertAndLookAtPlayer,Settlement,,0,,not recovered
2005,1,accord,AlertAndLookAtPlayer,Settlement,,0,,not recovered
2006,1,accord,AlertAndLookAtPlayer,Settlement,,0,,not recovered
2007,1,accord,BasicCivilian_Stationary,Settlement,,0,,not recovered
2008,1,accord,AlertAndLookAtPlayer,Settlement,,0,,not recovered
2009,1,accord,AlertAndLookAtPlayer,Settlement,,0,,not recovered
2010,1,accord,AlertAndLookAtPlayer,Settlement,,0,,not recovered
2011,1,accord,OneOff_FireAtEnemy,Wilderness,,0,,not recovered
2012,1,accord,AlertAndLookAtPlayer,Settlement,,0,,not recovered
2013,1,accord,AlertAndLookAtPlayer,Settlement,,0,,not recovered
2014,1,accord,AlertAndLookAtPlayer,Settlement,,0,,not recovered
2015,1,accord,AlertAndLookAtPlayer,Settlement,,0,,not recovered
2016,1,accord,AlertAndLookAtPlayer,Settlement,,0,,not recovered
2017,1,accord,AlertAndLookAtPlayer,Settlement,,0,,not recovered
2018,1,accord,AlertAndLookAtPlayer,Settlement,,0,,not recovered
2019,1,accord,AlertAndLookAtPlayer,Settlement,,0,,not recovered
2020,1,accord,AlertAndLookAtPlayer,Settlement,,0,,not recovered
2021,1,accord,AlertAndLookAtPlayer,Settlement,,0,,not recovered
2022,1,accord,GuardCityWanderer,Settlement,,0,,not recovered
2023,1,accord,"AlertAndInteractive(emote=""gesture1"",emoteDuration=-1)",Settlement,,0,,not recovered
2024,1,accord,Stand,Settlement,,0,,not recovered
2025,1,accord,AlertAndLookAtPlayer,Settlement,,0,,not recovered
2026,1,accord,AlertAndLookAtPlayer,Settlement,,0,,not recovered
2027,1,accord,BasicCivilian_Stationary,Settlement,,0,,not recovered
2028,1,accord,BasicCivilian_Stationary,Settlement,,0,,not recovered
2029,1,accord,BasicCivilian_Stationary,Settlement,,0,,not recovered
2030,1,accord,AlertAndLookAtPlayer,Settlement,,0,,not recovered
2031,1,accord,AlertAndLookAtPlayer,Settlement,,0,,not recovered
2032,1,accord,AlertAndLookAtPlayer,Settlement,,0,,not recovered
2033,1,accord,AlertAndLookAtPlayer,Settlement,,0,,not recovered
2034,1,accord,AlertAndLookAtPlayer,Settlement,,0,,not recovered
2035,1,accord,AlertAndLookAtPlayer,Settlement,,0,,not recovered
2038,1,accord,AlertAndLookAtPlayer,Settlement,,0,,not recovered
2040,7,gaea,,Wilderness,,0,empty invocation has unresolved CAIS instance,not recovered
2041,1,accord,,Wilderness,,0,,not recovered
2043,1,accord,"AlertAndInteractive(factions=""Accord"",interactionType=""Vendor"")",Settlement,,9,vendor location/uniqueness not assigned,not recovered
2044,2,chosen,"Arch_MedRangedHumanoid_Base(triggerPullTime=1500,fireRestDuration=1500)",Melding|Wilderness,,0,,not recovered
2045,1,accord,,Wilderness,,0,empty invocation has unresolved CAIS instance,not recovered
2046,4,friendly,,Wilderness,,0,empty invocation has unresolved CAIS instance,not recovered
2047,1,accord,"AlertAndInteractive(factions=""Accord"",interactionType=""Vendor"")",Settlement,,9,vendor location/uniqueness not assigned,not recovered
2048,2,chosen,Arch_MoveThenFire_Base(combatDist=20),Melding|Wilderness,,0,,not recovered
2049,7,gaea,Null,Excluded,explicit classifier exclusion,0,,not recovered
2050,7,gaea,,Wilderness,,0,empty invocation has unresolved CAIS instance,not recovered
2051,7,gaea,,Wilderness,,0,empty invocation has unresolved CAIS instance,not recovered
2052,4,friendly,,Wilderness,,0,empty invocation has unresolved CAIS instance,not recovered
2053,8,bandit,"AlertAndInteractive(emote=""dance"")",Settlement,,0,,not recovered
2054,6,melding,,Melding,,0,empty invocation has unresolved CAIS instance,not recovered
2055,1,accord,"WanderWithEmoteVocalized(restDurationMin = 5000, restDurationMax = 9000, distance = 25, walk = false, walkInRoute = false, emote = ""fear"", frequency = 10000, abstracted = true, nearSpawn = true)",Settlement,,0,,not recovered
2056,1,accord,"WanderWithEmoteVocalized(restDurationMin = 5000, restDurationMax = 9000, distance = 25, walk = false, walkInRoute = false, emote = ""fear"", frequency = 10000, abstracted = true, nearSpawn = true)",Settlement,,0,,not recovered
2057,2,chosen,"EventNpc_HeadlessHorseman(interactCarryableId = 161, interactCarryablePickUpEffect = 840, teleportEffect = 8621, npHeadSignal = ""no_path_to_head"", npPlayerSignal  = """")",Melding|Wilderness,,0,,not recovered
2058,7,gaea,"Arch_Relocator_Rageclaw_Base(weaponSlot=""secondary"",relocateEffect=6258,relocateSpeedOverride=15)",Wilderness,,0,,not recovered
2059,2,chosen,OneOff_FireAtEnemy(grounded = 1),Melding|Wilderness,,0,,not recovered
2060,8,bandit,,Wilderness,,0,empty invocation has unresolved CAIS instance,not recovered
2061,1,accord,"AlertAndInteractive(interactionType=""Generic"")",Settlement,,0,,not recovered
2062,1,accord,"AlertAndInteractive(interactionType=""HolsterTalk"",greetingSet=310)",Settlement,,82,vendor location/uniqueness not assigned,not recovered
2063,8,bandit,"AlertAndInteractive(emote=""tikidance"")",Settlement,,0,,not recovered
2064,9,neutral,Wyrm(threatDist=50),Wilderness,,0,,not recovered
2065,7,gaea,,Wilderness,,0,,not recovered
2066,2,chosen,,Melding|Wilderness,,0,empty invocation has unresolved CAIS instance,not recovered
2067,7,gaea,"Config(grounded=false,timeToMaxRotationSpeed=3000,environmentCollision=false,entityCollision=false) ",Excluded,explicit classifier exclusion,0,,not recovered
2068,1,accord,,Wilderness,,0,empty invocation has unresolved CAIS instance,not recovered
2069,1,accord,,Wilderness,,0,empty invocation has unresolved CAIS instance,not recovered
2070,1,accord,,Wilderness,,0,empty invocation has unresolved CAIS instance,not recovered
2071,1,accord,"Arch_MedRangedHumanoid_Base(triggerPullTime=1500,fireRestDuration=1000)",Wilderness,,0,,not recovered
2072,1,accord,"Arch_MedRangedHumanoid_Base(triggerPullTime=1500,fireRestDuration=1000)",Wilderness,,0,,not recovered
2073,1,accord,"Arch_MedRangedHumanoid_Base(reviveOn=true,triggerPullTime=1500,fireRestDuration=500)",Wilderness,,0,,not recovered
2074,9,neutral,"PerformEmote(emote=""fear"")",Settlement,,0,,not recovered
2075,1,accord,"PeacetimeCityWanderer(restFunction=""Market"",numGreetEmotes=1,emote1=""wave"")",Settlement,,0,work destination requires placed station,not recovered
2076,1,accord,"PeacetimeCityWanderer(restFunction=""Market"",numGreetEmotes=1,emote1=""wave"")",Settlement,,0,work destination requires placed station,not recovered
2077,7,gaea,,Wilderness,,0,empty invocation has unresolved CAIS instance,not recovered
2078,1,accord,"AlertAndInteractive(factions=""Accord"",interactionType=""Generic"")",Settlement,,0,,not recovered
2079,0,,,Wilderness,,0,,not recovered
2086,2,chosen,EliteWanderer(preferredMinCombatDist=20),Melding|Wilderness,,0,,not recovered
2087,1,accord,"AlertAndInteractive(factions=""Accord"",interactionType=""Vendor"")",Settlement,,9,vendor location/uniqueness not assigned,not recovered
2088,1,accord,StationaryCivilianDialog(private_id=10474),Settlement,,0,,not recovered
2089,1,accord,"Arch_MedRangedHumanoid_Base(triggerPullTime=2500,fireRestDuration=1500)",Wilderness,,0,,not recovered
2090,1,accord,"Arch_MedRangedHumanoid_Base(triggerPullTime=2500,fireRestDuration=1500)",Wilderness,,0,,not recovered
2091,1,accord,AlertAndLookAtPlayer,Settlement,,0,,not recovered
2092,1,accord,AlertAndLookAtPlayer,Settlement,,0,,not recovered
2093,1,accord,AlertAndLookAtPlayer,Settlement,,0,,not recovered
2094,1,accord,AlertAndLookAtPlayer,Settlement,,0,,not recovered
2095,1,accord,,Wilderness,,0,empty invocation has unresolved CAIS instance,not recovered
2096,1,accord,"AlertAndInteractive(interactionType=""HolsterTalk"")",Settlement,,0,,not recovered
2097,2,chosen,"Arch_MoveThenFire_Base(triggerPullTime=5000, fireRestDuration = 1500, combatDist = 30, calmWalk=false, combatWalk=true)",Melding|Wilderness,,0,,not recovered
2098,5,monster,Null,Excluded,explicit classifier exclusion,0,,not recovered
2099,1,accord,PeacetimeCityWanderer,Settlement,,0,,not recovered
2100,2,chosen,,Melding|Wilderness,,0,empty invocation has unresolved CAIS instance,not recovered
2101,1,accord,"AlertAndInteractive(interactionType=""Generic"")",Settlement,,0,,not recovered
2102,1,accord,"AlertAndInteractive(interactionType=""Generic"")",Settlement,,0,,not recovered
2103,1,accord,PeacetimeCityWanderer,Settlement,,0,,not recovered
2104,7,gaea,,Wilderness,,0,empty invocation has unresolved CAIS instance,not recovered
2105,1,accord,Wander,Wilderness,,0,,not recovered
2106,1,accord,Wander,Wilderness,,0,,not recovered
2107,4,friendly,"AlertAndLookAtPlayer (emote=""sick01"")",Settlement,,0,,not recovered
2108,2,chosen,"Arch_MedRangedHumanoid_Base(triggerPullTime=2000,fireRestDuration=9000,combatDist=30)",Melding|Wilderness,,0,,not recovered
2109,7,gaea,"Arch_FullbodyMelee_Base(combatDist=4,am1Id=82621,am1Facing=true,am1MaxDist=15,am1NavToDist=5.0,am1Cooldown=3000,headLook=true,makesWideTurns=true,wideTurnRadius=10)",Wilderness,,0,,not recovered
2110,7,gaea,,Wilderness,,0,empty invocation has unresolved CAIS instance,not recovered
2111,6,melding,,Melding,,0,empty invocation has unresolved CAIS instance,not recovered
2112,7,gaea,,Wilderness,,0,empty invocation has unresolved CAIS instance,not recovered
2113,7,gaea,,Wilderness,,0,empty invocation has unresolved CAIS instance,not recovered
2114,7,gaea,FeralCanineSquad(pounceChance=0.00),Wilderness,,0,,not recovered
2115,7,gaea,"Arch_FullbodyMelee_Base(combatDist=4,am1Id=82621,am1Facing=true,am1MaxDist=15,am1NavToDist=5.0,am1Cooldown=3000,headLook=true,makesWideTurns=true,wideTurnRadius=10)",Wilderness,,0,,not recovered
2116,7,gaea,FeralCanineSquad(pounceChance=0.00),Wilderness,,0,,not recovered
2117,7,gaea,,Wilderness,,0,empty invocation has unresolved CAIS instance,not recovered
2118,1,accord,"AlertAndInteractive(factions=""Accord"",interactionType=""Vendor"", dialogScript=39340)",Settlement,,85,vendor location/uniqueness not assigned,not recovered
2119,7,gaea,,Wilderness,,0,empty invocation has unresolved CAIS instance,not recovered
2120,8,bandit,"RaiderBaronMiniBoss(grenadeAbilityId = 118680,missileAbilityId=118680,strafeChance=1.0,jukeChance=0,useDiveRoll=false)",Wilderness,,0,,not recovered
2121,7,gaea,,Wilderness,,0,empty invocation has unresolved CAIS instance,not recovered
2122,7,gaea,,Wilderness,,0,empty invocation has unresolved CAIS instance,not recovered
2123,7,gaea,,Wilderness,,0,empty invocation has unresolved CAIS instance,not recovered
2124,7,gaea,,Wilderness,,0,empty invocation has unresolved CAIS instance,not recovered
2125,7,gaea,,Wilderness,,0,empty invocation has unresolved CAIS instance,not recovered
2126,7,gaea,,Wilderness,,0,empty invocation has unresolved CAIS instance,not recovered
2127,7,gaea,,Wilderness,,0,empty invocation has unresolved CAIS instance,not recovered
2128,2,chosen,,Melding|Wilderness,,0,empty invocation has unresolved CAIS instance,not recovered
2129,2,chosen,,Melding|Wilderness,,0,empty invocation has unresolved CAIS instance,not recovered
2130,7,gaea,,Wilderness,,0,empty invocation has unresolved CAIS instance,not recovered
2131,1,accord,"TurretTeleporterTarget(targetPcBias=0,targetDeployableBias=0,targetNpcBias=0,targetObjectiveBias=0,targetResourceNodeBias=0,targetVehicleBias=1000)",Excluded,explicit classifier exclusion,0,,not recovered
2132,4,friendly,,Wilderness,,0,empty invocation has unresolved CAIS instance,not recovered
2133,1,accord,,Wilderness,,0,empty invocation has unresolved CAIS instance,not recovered
2135,4,friendly,,Wilderness,,0,empty invocation has unresolved CAIS instance,not recovered
2136,2,chosen,,Melding|Wilderness,,0,empty invocation has unresolved CAIS instance,not recovered
2137,4,friendly,,Wilderness,,0,,not recovered
2138,1,accord,Null,Excluded,no representation,0,,not recovered
2139,1,accord,Null,Excluded,no representation,0,,not recovered
2140,1,accord,Null,Excluded,no representation,0,,not recovered
2141,1,accord,Null,Excluded,no representation,0,,not recovered
2142,1,accord,Null,Excluded,no representation,0,,not recovered
2143,9,neutral,Wyrm,Wilderness,,0,,not recovered
2144,9,neutral,,Wilderness,,0,empty invocation has unresolved CAIS instance,not recovered
2145,7,gaea,,Wilderness,,0,empty invocation has unresolved CAIS instance,not recovered
2146,7,gaea,,Wilderness,,0,empty invocation has unresolved CAIS instance,not recovered
2147,2,chosen,"Arch_MedRangedHumanoid_Base(calmNearSpawn=true,interactOn=1,interactFunction=""Fixed Weapon"",interactId=2619,noticePlayerOn=1,noticePlayerEmote=""charge"",interactActionTagLimit=1,interactFriendly=1,interactSearchEffectId=8908,triggerPullTime=1500)",Melding|Wilderness,,0,,not recovered
2148,7,gaea,,Wilderness,,0,empty invocation has unresolved CAIS instance,not recovered
2149,1,accord,"Arch_MedRangedHumanoid_Base(triggerPullTime=1500,fireRestDuration=1000)",Wilderness,,0,,not recovered
2150,1,accord,"Arch_MedRangedHumanoid_Base(triggerPullTime=1500,fireRestDuration=1000)",Wilderness,,0,,not recovered
2151,1,accord,"Arch_MedRangedHumanoid_Base(reviveOn=true,triggerPullTime=1500,fireRestDuration=500)",Wilderness,,0,,not recovered
2152,1,accord,"Arch_MedRangedHumanoid_Base(triggerPullTime=1500,fireRestDuration=1000)",Wilderness,,0,,not recovered
2153,6,melding,"Arch_FullbodyMelee_Base(am1Id=86474,am1Cooldown=3500,am1MaxDist=25,am1Facing=1,am1Chance=.7,headLook=true)",Melding,,0,,not recovered
2154,1,accord,"Arch_MedRangedHumanoid_Base(triggerPullTime=1500,fireRestDuration=1000)",Wilderness,,0,,not recovered
2156,2,chosen,ChosenEngineerDrone,Melding|Wilderness,,0,,not recovered
2157,2,chosen,,Melding|Wilderness,,0,empty invocation has unresolved CAIS instance,not recovered
2158,7,gaea,,Wilderness,,0,empty invocation has unresolved CAIS instance,not recovered
2159,2,chosen,,Melding|Wilderness,,0,empty invocation has unresolved CAIS instance,not recovered
2160,7,gaea,,Wilderness,,0,empty invocation has unresolved CAIS instance,not recovered
2161,7,gaea,"Arch_FullbodyMelee_Base(combatDist=3, am1Id=95025,am1Coodown=3000,am1Targeted=1,am1Facing=1,am1FacingDuring=1)",Wilderness,,0,,not recovered
2162,7,gaea,,Wilderness,,0,empty invocation has unresolved CAIS instance,not recovered
2163,7,gaea,,Wilderness,,0,empty invocation has unresolved CAIS instance,not recovered
2164,1,accord,Stand,Settlement,,0,,not recovered
2165,1,accord,Stand,Settlement,,0,,not recovered
2166,1,accord,Stand,Settlement,,0,,not recovered
2167,1,accord,Stand,Settlement,,0,,not recovered
2168,1,accord,Stand,Settlement,,0,,not recovered
2169,1,accord,AggressiveWanderer,Wilderness,,0,,not recovered
2170,2,chosen,,Melding|Wilderness,,0,,not recovered
2171,2,chosen,,Melding|Wilderness,,0,empty invocation has unresolved CAIS instance,not recovered
2172,1,accord,,Wilderness,,0,empty invocation has unresolved CAIS instance,not recovered
2173,2,chosen,,Melding|Wilderness,,0,,not recovered
2174,1,accord,"AlertAndInteractive(factions=""Accord"",interactionType=""Vendor"")",Settlement,,201,vendor location/uniqueness not assigned,not recovered
2175,2,chosen,,Melding|Wilderness,,0,empty invocation has unresolved CAIS instance,not recovered
2176,1,accord,"AlertAndInteractive(emote=""gesture1"",emoteDuration=-1)",Settlement,,0,,not recovered
2177,1,accord,"AlertAndInteractive(interactionType=""HolsterTalk"",greetingSet=310)",Settlement,,84,vendor location/uniqueness not assigned,not recovered
2178,9,neutral,,Wilderness,,0,empty invocation has unresolved CAIS instance,not recovered
2179,2,chosen,Arch_AdditiveMelee_Base,Melding|Wilderness,,0,,not recovered
2180,9,neutral,Wyrm(threatDist=50),Wilderness,,0,,not recovered
2181,1,accord,"Arch_MedRangedHumanoid_Base(triggerPullTime=1500,fireRestDuration=1000)",Wilderness,,0,,not recovered
2182,1,accord,"Arch_MedRangedHumanoid_Base(reviveOn=true,triggerPullTime=1500,fireRestDuration=500)",Wilderness,,0,,not recovered
2183,1,accord,"Arch_MedRangedHumanoid_Base(triggerPullTime=1500,fireRestDuration=1000)",Wilderness,,0,,not recovered
2184,1,accord,"Arch_MedRangedHumanoid_Base(triggerPullTime=1500,fireRestDuration=1000)",Wilderness,,0,,not recovered
2185,1,accord,"Arch_MedRangedHumanoid_Base(triggerPullTime=1500,fireRestDuration=1000)",Wilderness,,0,,not recovered
2186,6,melding,"StockMelee(speedMultiplier=1.5, maxDist=0.8)",Melding,,0,,not recovered
2189,1,accord,"AlertAndInteractive(emote=""townstand4"")",Settlement,,0,,not recovered
2190,1,accord,,Wilderness,,0,empty invocation has unresolved CAIS instance,not recovered
2191,1,accord,AlertAndLookAtPlayer(greetingSet=1197),Settlement,,0,,not recovered
2192,1,accord,"Arch_MedRangedHumanoid_Base(triggerPullTime=1500,fireRestDuration=1000)",Wilderness,,0,,not recovered
2193,1,accord,"Arch_MedRangedHumanoid_Base(triggerPullTime=1500,fireRestDuration=1000)",Wilderness,,0,,not recovered
2194,1,accord,"Arch_MedRangedHumanoid_Base(triggerPullTime=1500,fireRestDuration=1000)",Wilderness,,0,,not recovered
2195,1,accord,"Arch_MedRangedHumanoid_Base(reviveOn=true,triggerPullTime=1500,fireRestDuration=500)",Wilderness,,0,,not recovered
2196,2,chosen,Arch_AdditiveMelee_Base,Melding|Wilderness,,0,,not recovered
2197,2,chosen,Arch_AdditiveMelee_Base,Melding|Wilderness,,0,,not recovered
2198,2,chosen,Arch_AdditiveMelee_Base,Melding|Wilderness,,0,,not recovered
2199,2,chosen,Arch_AdditiveMelee_Base,Melding|Wilderness,,0,,not recovered
2200,1,accord,"GuardCityWanderer(greetingSet=1197,numGreetEmotes=1,emote1=""wave"")",Settlement,,0,,not recovered
2201,1,accord,AlertAndLookAtPlayer(greetingSet=1197),Settlement,,0,,not recovered
2202,1,accord,AlertAndLookAtPlayer(greetingSet=1197),Settlement,,0,,not recovered
2203,1,accord,AlertAndLookAtPlayer(greetingSet=1197),Settlement,,0,,not recovered
2204,1,accord,AlertAndLookAtPlayer(greetingSet=1197),Settlement,,0,,not recovered
2205,1,accord,,Wilderness,,0,,not recovered
2206,1,accord,AlertAndLookAtPlayer(greetingSet=1197),Settlement,,0,,not recovered
2207,1,accord,AlertAndLookAtPlayer(greetingSet=1197),Settlement,,0,,not recovered
2208,1,accord,AlertAndLookAtPlayer(greetingSet=1197),Settlement,,0,,not recovered
2209,1,accord,AlertAndLookAtPlayer,Settlement,,0,,not recovered
2210,1,accord,"GuardCityWanderer(greetingSet=1197,numGreetEmotes=1,emote1=""wave"")",Settlement,,0,,not recovered
2211,1,accord,AlertAndLookAtPlayer,Settlement,,0,,not recovered
2212,1,accord,AlertAndLookAtPlayer,Settlement,,0,,not recovered
2213,4,friendly,,Wilderness,,0,empty invocation has unresolved CAIS instance,not recovered
2214,1,accord,PeacetimeCityWanderer,Settlement,,0,,not recovered
2215,1,accord,GuardCityWanderer,Settlement,,0,,not recovered
2216,2,chosen,"EngineerTurretTeleporter(targetMinDist=10, targetLostDelay=1)",Excluded,explicit classifier exclusion,0,,not recovered
2217,4,friendly,,Wilderness,,0,empty invocation has unresolved CAIS instance,not recovered
2218,4,friendly,,Wilderness,,0,empty invocation has unresolved CAIS instance,not recovered
2219,4,friendly,,Wilderness,,0,empty invocation has unresolved CAIS instance,not recovered
2220,4,friendly,,Wilderness,,0,empty invocation has unresolved CAIS instance,not recovered
2221,4,friendly,,Wilderness,,0,empty invocation has unresolved CAIS instance,not recovered
2222,4,friendly,,Wilderness,,0,empty invocation has unresolved CAIS instance,not recovered
2223,4,friendly,,Wilderness,,0,empty invocation has unresolved CAIS instance,not recovered
2224,4,friendly,,Wilderness,,0,empty invocation has unresolved CAIS instance,not recovered
2225,4,friendly,,Wilderness,,0,empty invocation has unresolved CAIS instance,not recovered
2226,4,friendly,,Wilderness,,0,empty invocation has unresolved CAIS instance,not recovered
2227,4,friendly,,Wilderness,,0,empty invocation has unresolved CAIS instance,not recovered
2228,4,friendly,,Wilderness,,0,empty invocation has unresolved CAIS instance,not recovered
2229,4,friendly,,Wilderness,,0,empty invocation has unresolved CAIS instance,not recovered
2230,4,friendly,,Wilderness,,0,empty invocation has unresolved CAIS instance,not recovered
2231,4,friendly,,Wilderness,,0,empty invocation has unresolved CAIS instance,not recovered
2232,4,friendly,,Wilderness,,0,empty invocation has unresolved CAIS instance,not recovered
2233,4,friendly,,Wilderness,,0,empty invocation has unresolved CAIS instance,not recovered
2234,4,friendly,,Wilderness,,0,empty invocation has unresolved CAIS instance,not recovered
2235,4,friendly,,Wilderness,,0,empty invocation has unresolved CAIS instance,not recovered
2236,4,friendly,,Wilderness,,0,empty invocation has unresolved CAIS instance,not recovered
2237,4,friendly,,Wilderness,,0,empty invocation has unresolved CAIS instance,not recovered
2238,4,friendly,,Wilderness,,0,empty invocation has unresolved CAIS instance,not recovered
2239,1,accord,,Wilderness,,0,,not recovered
2240,4,friendly,,Wilderness,,0,empty invocation has unresolved CAIS instance,not recovered
2241,2,chosen,"Arch_MedRanged_Base(fireRestDuration=7000,am1Id=120937, am1Cooldown = 15000, am1MinDist = 0, am1MaxDist = 150, am1Facing = 1, am1Targeted = 1, am2Id=121427, am2Cooldown = 2000, am2MinDist = 0, am2MaxDist = 150, useWeaponRange = 0, triggerPullTime=10000)",Melding|Wilderness,,0,,not recovered
2242,1,accord,"AlertAndInteractive(interactionType=""HolsterTalk"",greetingSet=225)",Settlement,,0,,not recovered
2243,1,accord,,Wilderness,,0,,not recovered
2244,1,accord,,Wilderness,,0,,not recovered
2245,2,chosen,,Melding|Wilderness,,0,empty invocation has unresolved CAIS instance,not recovered
2246,7,gaea,,Wilderness,,0,empty invocation has unresolved CAIS instance,not recovered
2247,7,gaea,,Wilderness,,0,empty invocation has unresolved CAIS instance,not recovered
2248,7,gaea,"Arch_FullbodyMelee_Base(combatDist=3, am1Id=95025,am1Coodown=3000,am1Targeted=1,am1Facing=1,am1FacingDuring=1)",Wilderness,,0,,not recovered
2249,7,gaea,Arch_FullbodyMelee_Base(combatDist=3),Wilderness,,0,,not recovered
2250,7,gaea,,Wilderness,,0,empty invocation has unresolved CAIS instance,not recovered
2251,7,gaea,,Wilderness,,0,empty invocation has unresolved CAIS instance,not recovered
2252,7,gaea,,Wilderness,,0,empty invocation has unresolved CAIS instance,not recovered
2253,1,accord,"MeldingTornadoShard(perimeterFraction=.25,relativeHeight=1,relativeRadius=4)",Melding,,0,,not recovered
2254,2,chosen,,Melding|Wilderness,,0,empty invocation has unresolved CAIS instance,not recovered
2255,7,gaea,,Wilderness,,0,empty invocation has unresolved CAIS instance,not recovered
2256,7,gaea,,Wilderness,,0,empty invocation has unresolved CAIS instance,not recovered
2257,7,gaea,,Wilderness,,0,empty invocation has unresolved CAIS instance,not recovered
2258,7,gaea,,Wilderness,,0,empty invocation has unresolved CAIS instance,not recovered
2259,7,gaea,,Wilderness,,0,empty invocation has unresolved CAIS instance,not recovered
2260,1,accord,"AlertAndInteractive(interactionType = ""GENERIC"")",Settlement,,0,,not recovered
2261,1,accord,,Wilderness,,0,,not recovered
2262,2,chosen,,Melding|Wilderness,,0,empty invocation has unresolved CAIS instance,not recovered
2263,2,chosen,,Melding|Wilderness,,0,empty invocation has unresolved CAIS instance,not recovered
2264,1,accord,,Wilderness,,0,,not recovered
2265,2,chosen,,Melding|Wilderness,,0,empty invocation has unresolved CAIS instance,not recovered
2266,2,chosen,"FastWander(nearSpawn=1, distance=10.0)",Melding|Wilderness,,0,,not recovered
2267,1,accord,"AlertAndInteractive(greetingSet=310, leashToSpawn=true, despawnWhenStuck=true, emote=""townstand4"")",Settlement,,104,vendor location/uniqueness not assigned,not recovered
2268,4,friendly,,Wilderness,,0,,not recovered
2269,1,accord,"AlertAndInteractive(greetingSet=311, leashToSpawn=true, despawnWhenStuck=true, emote=""townstand3"")",Settlement,,100,vendor location/uniqueness not assigned,not recovered
2270,1,accord,"AlertAndInteractive(greetingSet=311, leashToSpawn=true, despawnWhenStuck=true, emote=""townstand1"")",Settlement,,101,vendor location/uniqueness not assigned,not recovered
2271,1,accord,"AlertAndInteractive(greetingSet=311, leashToSpawn=true, despawnWhenStuck=true, emote=""townstand2"")",Settlement,,102,vendor location/uniqueness not assigned,not recovered
2272,2,chosen,,Melding|Wilderness,,0,empty invocation has unresolved CAIS instance,not recovered
2273,4,friendly,,Wilderness,,0,empty invocation has unresolved CAIS instance,not recovered
2274,1,accord,"AlertAndInteractive(factions=""Accord"",interactionType=""Vendor"")",Settlement,,200,vendor location/uniqueness not assigned,not recovered
2275,1,accord,Arch_AdditiveMelee_Base,Wilderness,,0,,not recovered
2276,2,chosen,,Melding|Wilderness,,0,empty invocation has unresolved CAIS instance,not recovered
2277,1,accord,"Arch_MedRangedHumanoid_Base(triggerPullTime=1500,fireRestDuration=2000)",Wilderness,,0,,not recovered
2278,1,accord,"Arch_MoveThenFire_Base(triggerPullTime=3000, fireRestDuration = 1000, combatDist = 30, calmWalk=false, combatWalk=true)",Wilderness,,0,,not recovered
2279,1,accord,"Arch_MedRangedHumanoid_Base(triggerPullTime=1500,fireRestDuration=2000)",Wilderness,,0,,not recovered
2280,4,friendly,"TestElfPet(maxDist=5, runToWalkDist=8, walkToRunDist=15, despawnDist=30, idleVoSet1=20336, idleVoSet2=20338, idleVoMs2=2000, idleVoCooldown=60000, vehicleVoSet1=20337, vehicleVoCooldown=60000, followVoSet=20336, followVoFrequency=30000)",Excluded,explicit classifier exclusion,0,,not recovered
2281,1,accord,"Arch_MedRangedHumanoid_Base(triggerPullTime=1500, fireRestDuration = 2000, combatDist = 30, calmWalk=false, combatWalk=true)",Wilderness,,0,,not recovered
2282,1,accord,"Arch_MedRangedHumanoid_Base(triggerPullTime=100, fireRestDuration = 1900, combatDist = 30, calmWalk=false, combatWalk=true)",Wilderness,,0,,not recovered
2283,2,chosen,,Melding|Wilderness,,0,empty invocation has unresolved CAIS instance,not recovered
2284,2,chosen,,Melding|Wilderness,,0,empty invocation has unresolved CAIS instance,not recovered
2285,2,chosen,,Melding|Wilderness,,0,empty invocation has unresolved CAIS instance,not recovered
2286,2,chosen,,Melding|Wilderness,,0,empty invocation has unresolved CAIS instance,not recovered
2287,2,chosen,,Melding|Wilderness,,0,empty invocation has unresolved CAIS instance,not recovered
2288,2,chosen,,Melding|Wilderness,,0,empty invocation has unresolved CAIS instance,not recovered
2289,2,chosen,,Melding|Wilderness,,0,empty invocation has unresolved CAIS instance,not recovered
2290,45,Rebels,,Wilderness,,0,empty invocation has unresolved CAIS instance,not recovered
2291,1,accord,,Wilderness,,0,,not recovered
2292,1,accord,,Wilderness,,0,,not recovered
2293,2,chosen,,Melding|Wilderness,,0,empty invocation has unresolved CAIS instance,not recovered
2294,46,Reapers,"Arch_Sniper_Base(snipeToRunDist=20,runToSnipeDist=35)",Wilderness,,0,,not recovered
2295,46,Reapers,"Arch_Sniper_Base(snipeToRunDist=10,runToSnipeDist=25)",Wilderness,,0,,not recovered
2296,2,chosen,,Melding|Wilderness,,0,empty invocation has unresolved CAIS instance,not recovered
2297,7,gaea,,Wilderness,,0,empty invocation has unresolved CAIS instance,not recovered
2298,2,chosen,,Melding|Wilderness,,0,empty invocation has unresolved CAIS instance,not recovered
2299,46,Reapers,,Wilderness,,0,empty invocation has unresolved CAIS instance,not recovered
2300,2,chosen,,Melding|Wilderness,,0,empty invocation has unresolved CAIS instance,not recovered
2301,1,accord,"AlertAndInteractive(greetingSet=311, leashToSpawn=true, despawnWhenStuck=true, emote=""townstand3"")",Settlement,,103,vendor location/uniqueness not assigned,not recovered
2302,1,accord,"Arch_MedRangedHumanoid_Base(triggerPullTime=1500, fireRestDuration = 2000, combatDist = 30, calmWalk=false, combatWalk=true)",Wilderness,,0,,not recovered
2303,6,melding,"Arch_AdditiveMelee_Base(groundOffsetChangeRate=15,groundOffsetGoal=15,noRotationWhenAiming=1)",Melding,,0,,not recovered
2304,46,Reapers,,Wilderness,,0,empty invocation has unresolved CAIS instance,not recovered
2305,2,chosen,,Melding|Wilderness,,0,empty invocation has unresolved CAIS instance,not recovered
2306,47,Ophanim,,Wilderness,,0,empty invocation has unresolved CAIS instance,not recovered
2307,1,accord,"AlertAndInteractive(greetingSet=311, leashToSpawn=true, despawnWhenStuck=true, emote=""townstand2"")",Settlement,,0,,not recovered
2308,47,Ophanim,,Wilderness,,0,empty invocation has unresolved CAIS instance,not recovered
2309,1,accord,"AlertAndInteractive(interactionType=""HolsterTalk"",greetingSet=310)",Settlement,,0,,not recovered
2310,1,accord,"AlertAndInteractive(interactionType=""HolsterTalk"",greetingSet=310)",Settlement,,0,,not recovered
2311,17,Tanken,,Wilderness,,0,empty invocation has unresolved CAIS instance,not recovered
2312,17,Tanken,,Wilderness,,0,empty invocation has unresolved CAIS instance,not recovered
2313,2,chosen,,Melding|Wilderness,,0,empty invocation has unresolved CAIS instance,not recovered
2314,8,bandit,,Wilderness,,0,empty invocation has unresolved CAIS instance,not recovered
2315,8,bandit,,Wilderness,,0,empty invocation has unresolved CAIS instance,not recovered
2316,8,bandit,,Wilderness,,0,empty invocation has unresolved CAIS instance,not recovered
2317,2,chosen,"Arch_MoveThenFire_Base(triggerPullTime=4000, fireRestDuration = 1000, combatDist = 30, calmWalk=false, combatWalk=true)",Melding|Wilderness,,0,,not recovered
2318,2,chosen,"Arch_MoveThenFire_Base(triggerPullTime=4000, fireRestDuration = 1000, combatDist = 30, calmWalk=false, combatWalk=true)",Melding|Wilderness,,0,,not recovered
2319,2,chosen,"Arch_MoveThenFire_Base(triggerPullTime=4000, fireRestDuration = 1000, combatDist = 30, calmWalk=false, combatWalk=true)",Melding|Wilderness,,0,,not recovered
2320,2,chosen,,Melding|Wilderness,,0,empty invocation has unresolved CAIS instance,not recovered
2321,7,gaea,,Wilderness,,0,empty invocation has unresolved CAIS instance,not recovered
2322,8,bandit,,Wilderness,,0,empty invocation has unresolved CAIS instance,not recovered
2323,7,gaea,,Wilderness,,0,empty invocation has unresolved CAIS instance,not recovered
2324,7,gaea,,Wilderness,,0,empty invocation has unresolved CAIS instance,not recovered
2325,7,gaea,,Wilderness,,0,empty invocation has unresolved CAIS instance,not recovered
2326,7,gaea,,Wilderness,,0,empty invocation has unresolved CAIS instance,not recovered
2327,7,gaea,,Wilderness,,0,empty invocation has unresolved CAIS instance,not recovered
2328,2,chosen,,Melding|Wilderness,,0,,not recovered
2329,7,gaea,,Wilderness,,0,empty invocation has unresolved CAIS instance,not recovered
2330,7,gaea,,Wilderness,,0,empty invocation has unresolved CAIS instance,not recovered
2331,7,gaea,,Wilderness,,0,empty invocation has unresolved CAIS instance,not recovered
2332,2,chosen,,Melding|Wilderness,,0,empty invocation has unresolved CAIS instance,not recovered
2333,7,gaea,,Wilderness,,0,empty invocation has unresolved CAIS instance,not recovered
2334,7,gaea,,Wilderness,,0,empty invocation has unresolved CAIS instance,not recovered
2335,46,Reapers,,Wilderness,,0,empty invocation has unresolved CAIS instance,not recovered
2336,7,gaea,,Wilderness,,0,empty invocation has unresolved CAIS instance,not recovered
2337,7,gaea,,Wilderness,,0,empty invocation has unresolved CAIS instance,not recovered
2338,7,gaea,,Wilderness,,0,empty invocation has unresolved CAIS instance,not recovered
2339,7,gaea,,Wilderness,,0,empty invocation has unresolved CAIS instance,not recovered
2340,7,gaea,,Wilderness,,0,empty invocation has unresolved CAIS instance,not recovered
2341,7,gaea,,Wilderness,,0,empty invocation has unresolved CAIS instance,not recovered
2342,7,gaea,,Wilderness,,0,empty invocation has unresolved CAIS instance,not recovered
2343,7,gaea,,Wilderness,,0,empty invocation has unresolved CAIS instance,not recovered
2344,7,gaea,,Wilderness,,0,empty invocation has unresolved CAIS instance,not recovered
2345,7,gaea,,Wilderness,,0,empty invocation has unresolved CAIS instance,not recovered
2346,7,gaea,,Wilderness,,0,empty invocation has unresolved CAIS instance,not recovered
2347,4,friendly,,Wilderness,,0,,not recovered
2348,4,friendly,,Wilderness,,0,,not recovered
2349,4,friendly,,Wilderness,,0,,not recovered
2350,4,friendly,,Wilderness,,0,,not recovered
2351,4,friendly,,Wilderness,,0,,not recovered
2352,4,friendly,,Wilderness,,0,,not recovered
2353,1,accord,Arch_MedRangedHumanoid_Base,Wilderness,,0,,not recovered
2354,7,gaea,"GiantAranhaMiniBoss(eggSackCooldown =10000,speedMultiplier=1,combatDist=2)",Wilderness,,0,,not recovered
2355,7,gaea,,Wilderness,,0,empty invocation has unresolved CAIS instance,not recovered
2356,7,gaea,,Wilderness,,0,empty invocation has unresolved CAIS instance,not recovered
2357,7,gaea,,Wilderness,,0,empty invocation has unresolved CAIS instance,not recovered
2358,7,gaea,,Wilderness,,0,empty invocation has unresolved CAIS instance,not recovered
2359,1,accord,"AlertAndInteractive(factions=""Accord"",interactionType=""Vendor"")",Settlement,,201,vendor location/uniqueness not assigned,not recovered
2360,7,gaea,,Wilderness,,0,empty invocation has unresolved CAIS instance,not recovered
2361,7,gaea,,Wilderness,,0,empty invocation has unresolved CAIS instance,not recovered
2362,7,gaea,,Wilderness,,0,empty invocation has unresolved CAIS instance,not recovered
2363,7,gaea,,Wilderness,,0,empty invocation has unresolved CAIS instance,not recovered
2364,7,gaea,,Wilderness,,0,empty invocation has unresolved CAIS instance,not recovered
2365,7,gaea,,Wilderness,,0,empty invocation has unresolved CAIS instance,not recovered
2366,7,gaea,,Wilderness,,0,empty invocation has unresolved CAIS instance,not recovered
2367,7,gaea,,Wilderness,,0,empty invocation has unresolved CAIS instance,not recovered
2368,7,gaea,,Wilderness,,0,empty invocation has unresolved CAIS instance,not recovered
2369,7,gaea,,Wilderness,,0,empty invocation has unresolved CAIS instance,not recovered
2370,7,gaea,,Wilderness,,0,empty invocation has unresolved CAIS instance,not recovered
2371,7,gaea,,Wilderness,,0,empty invocation has unresolved CAIS instance,not recovered
2372,7,gaea,,Wilderness,,0,empty invocation has unresolved CAIS instance,not recovered
2373,7,gaea,,Wilderness,,0,empty invocation has unresolved CAIS instance,not recovered
2374,7,gaea,,Wilderness,,0,empty invocation has unresolved CAIS instance,not recovered
2375,7,gaea,,Wilderness,,0,empty invocation has unresolved CAIS instance,not recovered
2376,7,gaea,,Wilderness,,0,empty invocation has unresolved CAIS instance,not recovered
2377,7,gaea,,Wilderness,,0,empty invocation has unresolved CAIS instance,not recovered
2378,7,gaea,,Wilderness,,0,empty invocation has unresolved CAIS instance,not recovered
2379,7,gaea,,Wilderness,,0,empty invocation has unresolved CAIS instance,not recovered
2380,7,gaea,,Wilderness,,0,empty invocation has unresolved CAIS instance,not recovered
2381,7,gaea,,Wilderness,,0,empty invocation has unresolved CAIS instance,not recovered
2382,7,gaea,,Wilderness,,0,empty invocation has unresolved CAIS instance,not recovered
2383,7,gaea,,Wilderness,,0,empty invocation has unresolved CAIS instance,not recovered
2384,6,melding,,Melding,,0,empty invocation has unresolved CAIS instance,not recovered
2385,6,melding,,Melding,,0,empty invocation has unresolved CAIS instance,not recovered
2386,6,melding,,Melding,,0,empty invocation has unresolved CAIS instance,not recovered
2387,7,gaea,,Wilderness,,0,empty invocation has unresolved CAIS instance,not recovered
2388,6,melding,,Melding,,0,empty invocation has unresolved CAIS instance,not recovered
2389,6,melding,,Melding,,0,empty invocation has unresolved CAIS instance,not recovered
2390,6,melding,,Melding,,0,empty invocation has unresolved CAIS instance,not recovered
2391,6,melding,,Melding,,0,empty invocation has unresolved CAIS instance,not recovered
2392,8,bandit,,Wilderness,,0,empty invocation has unresolved CAIS instance,not recovered
2393,8,bandit,,Wilderness,,0,empty invocation has unresolved CAIS instance,not recovered
2394,8,bandit,,Wilderness,,0,empty invocation has unresolved CAIS instance,not recovered
2395,46,Reapers,,Wilderness,,0,empty invocation has unresolved CAIS instance,not recovered
2396,22,Black Hills Bandits,,Wilderness,,0,empty invocation has unresolved CAIS instance,not recovered
2397,45,Rebels,,Wilderness,,0,empty invocation has unresolved CAIS instance,not recovered
2398,1,accord,"AlertAndInteractive(interactionType=""HolsterTalk"",emote=""calm"")",Settlement,,1,vendor location/uniqueness not assigned,not recovered
2399,1,accord,,Wilderness,,0,empty invocation has unresolved CAIS instance,not recovered
2400,7,gaea,,Wilderness,,0,empty invocation has unresolved CAIS instance,not recovered
2401,2,chosen,,Melding|Wilderness,,0,empty invocation has unresolved CAIS instance,not recovered
2402,7,gaea,"Arch_FullbodyMelee_Base(combatDist=3, am1Id=95025,am1Coodown=3000,am1Targeted=1,am1Facing=1,am1FacingDuring=1)",Wilderness,,0,,not recovered
2403,46,Reapers,,Wilderness,,0,empty invocation has unresolved CAIS instance,not recovered
2404,1,accord,,Wilderness,,0,empty invocation has unresolved CAIS instance,not recovered
2405,7,gaea,"TurretTeleporterDropshipCannon(shortRange=700, longRange=750, targetExcludedFactions=""gaea"", targetNegateFactionFlag = true)",Excluded,explicit classifier exclusion,0,,not recovered
2406,7,gaea,,Wilderness,,0,empty invocation has unresolved CAIS instance,not recovered
2407,17,Tanken,,Wilderness,,0,empty invocation has unresolved CAIS instance,not recovered
2408,1,accord,,Wilderness,,0,empty invocation has unresolved CAIS instance,not recovered
2409,1,accord,,Wilderness,,0,empty invocation has unresolved CAIS instance,not recovered
2410,2,chosen,,Melding|Wilderness,,0,empty invocation has unresolved CAIS instance,not recovered
2411,7,gaea,,Wilderness,,0,empty invocation has unresolved CAIS instance,not recovered
2412,7,gaea,,Wilderness,,0,empty invocation has unresolved CAIS instance,not recovered
2413,7,gaea,,Wilderness,,0,empty invocation has unresolved CAIS instance,not recovered
2414,7,gaea,,Wilderness,,0,empty invocation has unresolved CAIS instance,not recovered
2415,7,gaea,,Wilderness,,0,empty invocation has unresolved CAIS instance,not recovered
2416,7,gaea,,Wilderness,,0,empty invocation has unresolved CAIS instance,not recovered
2417,2,chosen,,Melding|Wilderness,,0,empty invocation has unresolved CAIS instance,not recovered
2418,2,chosen,,Melding|Wilderness,,0,empty invocation has unresolved CAIS instance,not recovered
2419,46,Reapers,"Arch_Follower(offset=[0,0,-.1])",Wilderness,,0,route/follow/named-point assignment missing,not recovered
2420,2,chosen,,Melding|Wilderness,,0,empty invocation has unresolved CAIS instance,not recovered
2421,2,chosen,,Melding|Wilderness,,0,empty invocation has unresolved CAIS instance,not recovered
2422,1,accord,,Wilderness,,0,,not recovered
2423,2,chosen,"Arch_MoveThenFire_Base(am1Id=86132,am1Timeout=6000,am1Facing=true,am1Targeted=true,am1Cooldown=8000,combatWalk=true,combatDist=30)",Melding|Wilderness,,0,,not recovered
2424,2,chosen,"Arch_Follower(offset=[0,0,-.1])",Melding|Wilderness,,0,route/follow/named-point assignment missing,not recovered
2425,1,accord,,Wilderness,,0,empty invocation has unresolved CAIS instance,not recovered
2426,1,accord,,Wilderness,,0,empty invocation has unresolved CAIS instance,not recovered
2427,1,accord,,Wilderness,,0,empty invocation has unresolved CAIS instance,not recovered
2428,1,accord,,Wilderness,,0,empty invocation has unresolved CAIS instance,not recovered
2429,1,accord,,Wilderness,,0,empty invocation has unresolved CAIS instance,not recovered
2430,9,neutral,,Wilderness,,0,empty invocation has unresolved CAIS instance,not recovered
2431,7,gaea,"GiantAranhaMiniBoss(eggSackCooldown =10000,speedMultiplier=1,combatDist=2)",Wilderness,,0,,not recovered
2432,9,neutral,,Wilderness,,0,empty invocation has unresolved CAIS instance,not recovered
2433,9,neutral,,Wilderness,,0,empty invocation has unresolved CAIS instance,not recovered
2434,7,gaea,,Wilderness,,0,empty invocation has unresolved CAIS instance,not recovered
2435,7,gaea,,Wilderness,,0,empty invocation has unresolved CAIS instance,not recovered
2436,4,friendly,,Wilderness,,0,,not recovered
2437,1,accord,GuardCityWanderer,Settlement,,0,,not recovered
2438,8,bandit,,Wilderness,,0,empty invocation has unresolved CAIS instance,not recovered
2439,8,bandit,,Wilderness,,0,empty invocation has unresolved CAIS instance,not recovered
2440,8,bandit,,Wilderness,,0,empty invocation has unresolved CAIS instance,not recovered
2441,8,bandit,,Wilderness,,0,empty invocation has unresolved CAIS instance,not recovered
2442,9,neutral,Brontodon,Wilderness,,0,,not recovered
2443,7,gaea,,Wilderness,,0,empty invocation has unresolved CAIS instance,not recovered
2444,7,gaea,,Wilderness,,0,empty invocation has unresolved CAIS instance,not recovered
2445,7,gaea,,Wilderness,,0,empty invocation has unresolved CAIS instance,not recovered
2446,7,gaea,,Wilderness,,0,empty invocation has unresolved CAIS instance,not recovered
2447,7,gaea,,Wilderness,,0,empty invocation has unresolved CAIS instance,not recovered
2448,7,gaea,,Wilderness,,0,empty invocation has unresolved CAIS instance,not recovered
2449,7,gaea,,Wilderness,,0,empty invocation has unresolved CAIS instance,not recovered
2450,7,gaea,,Wilderness,,0,empty invocation has unresolved CAIS instance,not recovered
2451,7,gaea,,Wilderness,,0,empty invocation has unresolved CAIS instance,not recovered
2452,8,bandit,,Wilderness,,0,empty invocation has unresolved CAIS instance,not recovered
2453,8,bandit,,Wilderness,,0,empty invocation has unresolved CAIS instance,not recovered
2454,8,bandit,,Wilderness,,0,empty invocation has unresolved CAIS instance,not recovered
2455,8,bandit,,Wilderness,,0,empty invocation has unresolved CAIS instance,not recovered
2456,8,bandit,,Wilderness,,0,empty invocation has unresolved CAIS instance,not recovered
2457,7,gaea,"Arch_FullbodyMelee_Base(combatDist=4,am1Id=82621,am1Facing=true,am1MaxDist=15,am1NavToDist=5.0,am1Cooldown=3000,headLook=true,makesWideTurns=true,wideTurnRadius=10)",Wilderness,,0,,not recovered
2458,7,gaea,,Wilderness,,0,empty invocation has unresolved CAIS instance,not recovered
2459,7,gaea,,Wilderness,,0,empty invocation has unresolved CAIS instance,not recovered
2460,7,gaea,,Wilderness,,0,empty invocation has unresolved CAIS instance,not recovered
2461,7,gaea,FeralCanineSquad(pounceChance=0.00),Wilderness,,0,,not recovered
2462,7,gaea,"Arch_FullbodyMelee_Base(combatDist=4,am1Id=82621,am1Facing=true,am1MaxDist=15,am1NavToDist=5.0,am1Cooldown=3000,headLook=true,makesWideTurns=true,wideTurnRadius=10)",Wilderness,,0,,not recovered
2463,7,gaea,FeralCanineSquad(pounceChance=0.00),Wilderness,,0,,not recovered
2464,9,neutral,Wyrm(threatDist=50),Wilderness,,0,,not recovered
2465,9,neutral,,Wilderness,,0,empty invocation has unresolved CAIS instance,not recovered
2466,7,gaea,Arch_AdditiveMelee_Base(combatDist=0.5),Wilderness,,0,,not recovered
2467,7,gaea,"Scarab(rollChance=0.8, rollCooldown=6000, rollDuration=4000, rollSpeedMult=2.5, shockwaveAbilityId=85161, shockwaveCooldown=3000, shockwaveMinDist=15, meleeChance=0.5, meleeDuration=3000, meleeCooldown=2500, meleeSpeedMult=0.5)",Wilderness,,0,,not recovered
2468,6,melding,,Melding,,0,empty invocation has unresolved CAIS instance,not recovered
2469,1,accord,,Wilderness,,0,empty invocation has unresolved CAIS instance,not recovered
2470,2,chosen,,Melding|Wilderness,,0,empty invocation has unresolved CAIS instance,not recovered
2471,1,accord,"AlertAndInteractive(emote=""calm"", interactionType=""HolsterTalk"")",Settlement,,0,,not recovered
2472,8,bandit,Arch_AdditiveMelee_Base(radiusInCombat = 75),Wilderness,,0,,not recovered
2473,1,accord,"AlertAndLookAtPlayer(greetingSet=1325,greetingChance=.5,perceptionDist=5)",Settlement,,0,,not recovered
2474,1,accord,"AlertAndLookAtPlayer(greetingSet=1325,greetingChance=.5,perceptionDist=5)",Settlement,,0,,not recovered
2475,1,accord,,Wilderness,,0,,not recovered
2476,0,,,Excluded,no representation,0,,not recovered
2477,1,accord,"AlertAndLookAtPlayer(greetingSet=1325,greetingChance=.5,perceptionDist=5)",Settlement,,0,,not recovered
2478,1,accord,"AlertAndInteractive(emote=""calm"", interactionType=""HolsterTalk"")",Settlement,,0,,not recovered
2479,1,accord,"AlertAndInteractive(emote=""calm"", interactionType=""HolsterTalk"")",Settlement,,0,,not recovered
2480,1,accord,"AlertAndInteractive(emote=""calm"", interactionType=""HolsterTalk"")",Settlement,,0,,not recovered
2481,1,accord,"AlertAndInteractive(emote=""townstand04"", interactionType=""HolsterTalk"")",Settlement,,0,,not recovered
2482,1,accord,,Wilderness,,0,empty invocation has unresolved CAIS instance,not recovered
2483,1,accord,,Wilderness,,0,empty invocation has unresolved CAIS instance,not recovered
2484,1,accord,,Wilderness,,0,empty invocation has unresolved CAIS instance,not recovered
2485,7,gaea,,Wilderness,,0,empty invocation has unresolved CAIS instance,not recovered
2486,7,gaea,,Wilderness,,0,empty invocation has unresolved CAIS instance,not recovered
2487,7,gaea,,Wilderness,,0,empty invocation has unresolved CAIS instance,not recovered
2488,7,gaea,,Wilderness,,0,empty invocation has unresolved CAIS instance,not recovered
2489,7,gaea,,Wilderness,,0,empty invocation has unresolved CAIS instance,not recovered
2490,1,accord,AlertAndLookAtPlayer,Settlement,,0,,not recovered
2491,1,accord,AlertAndLookAtPlayer(greetingSet=1197),Settlement,,0,,not recovered
2492,1,accord,Null,Excluded,explicit classifier exclusion,0,,not recovered
2493,1,accord,"Arch_MedRangedHumanoid_Base(triggerPullTime=1500,fireRestDuration=1000)",Wilderness,,0,,not recovered
2494,1,accord,,Wilderness,,0,,not recovered
2495,1,accord,"AlertAndInteractive(interactionType=""none"")",Settlement,,0,,not recovered
2496,1,accord,Null,Excluded,no representation,0,,not recovered
2497,1,accord,Null,Excluded,no representation,0,,not recovered
2498,1,accord,Null,Excluded,no representation,0,,not recovered
2499,7,gaea,,Wilderness,,0,empty invocation has unresolved CAIS instance,not recovered
2500,1,accord,"AlertAndInteractive(greetingSet=1416, perceptionDist=25, emote=""sergeantguide"")",Settlement,,0,,not recovered
2501,1,accord,"AlertAndInteractive(emote=""calm"", interactionType=""none"", lookAtTarget=""true"")",Settlement,,0,,not recovered
2502,1,accord,"AlertAndInteractive(emote=""townstand3"", interactionType=""none"")",Settlement,,0,,not recovered
2503,1,accord,"AlertAndInteractive(interactionType=""none"",emote=""dataentry01"",emoteDuration=-1)",Settlement,,0,,not recovered
2504,4,friendly,,Wilderness,,0,,not recovered
2505,7,gaea,,Wilderness,,0,empty invocation has unresolved CAIS instance,not recovered
2506,7,gaea,,Wilderness,,0,empty invocation has unresolved CAIS instance,not recovered
2507,7,gaea,,Wilderness,,0,empty invocation has unresolved CAIS instance,not recovered
2508,7,gaea,,Wilderness,,0,empty invocation has unresolved CAIS instance,not recovered
2509,7,gaea,,Wilderness,,0,empty invocation has unresolved CAIS instance,not recovered
2510,7,gaea,,Wilderness,,0,empty invocation has unresolved CAIS instance,not recovered
2511,6,melding,,Melding,,0,empty invocation has unresolved CAIS instance,not recovered
2512,6,melding,,Melding,,0,empty invocation has unresolved CAIS instance,not recovered
2513,17,Tanken,,Wilderness,,0,empty invocation has unresolved CAIS instance,not recovered
2514,17,Tanken,,Wilderness,,0,empty invocation has unresolved CAIS instance,not recovered
2515,8,bandit,,Wilderness,,0,empty invocation has unresolved CAIS instance,not recovered
2516,8,bandit,,Wilderness,,0,empty invocation has unresolved CAIS instance,not recovered
2517,45,Rebels,,Wilderness,,0,empty invocation has unresolved CAIS instance,not recovered
2518,45,Rebels,,Wilderness,,0,empty invocation has unresolved CAIS instance,not recovered
2519,46,Reapers,,Wilderness,,0,empty invocation has unresolved CAIS instance,not recovered
2520,46,Reapers,,Wilderness,,0,empty invocation has unresolved CAIS instance,not recovered
2521,22,Black Hills Bandits,,Wilderness,,0,empty invocation has unresolved CAIS instance,not recovered
2522,22,Black Hills Bandits,,Wilderness,,0,empty invocation has unresolved CAIS instance,not recovered
2523,8,bandit,,Wilderness,,0,empty invocation has unresolved CAIS instance,not recovered
2524,8,bandit,,Wilderness,,0,empty invocation has unresolved CAIS instance,not recovered
2525,2,chosen,,Melding|Wilderness,,0,,not recovered
2526,1,accord,,Wilderness,,0,empty invocation has unresolved CAIS instance,not recovered
2527,1,accord,,Wilderness,,0,empty invocation has unresolved CAIS instance,not recovered
2528,8,bandit,,Wilderness,,0,empty invocation has unresolved CAIS instance,not recovered
2529,8,bandit,,Wilderness,,0,empty invocation has unresolved CAIS instance,not recovered
2530,7,gaea,,Wilderness,,0,empty invocation has unresolved CAIS instance,not recovered
2531,7,gaea,,Wilderness,,0,empty invocation has unresolved CAIS instance,not recovered
2532,7,gaea,,Wilderness,,0,empty invocation has unresolved CAIS instance,not recovered
2533,7,gaea,,Wilderness,,0,empty invocation has unresolved CAIS instance,not recovered
2534,1,accord,"Arch_MedRangedHumanoid_Base(triggerPullTime=1500,fireRestDuration=1000)",Wilderness,,0,,not recovered
2535,7,gaea,,Wilderness,,0,empty invocation has unresolved CAIS instance,not recovered
2536,7,gaea,,Wilderness,,0,empty invocation has unresolved CAIS instance,not recovered
2537,7,gaea,,Wilderness,,0,empty invocation has unresolved CAIS instance,not recovered
2538,7,gaea,,Wilderness,,0,empty invocation has unresolved CAIS instance,not recovered
2539,7,gaea,,Wilderness,,0,empty invocation has unresolved CAIS instance,not recovered
2540,7,gaea,,Wilderness,,0,empty invocation has unresolved CAIS instance,not recovered
2541,7,gaea,,Wilderness,,0,empty invocation has unresolved CAIS instance,not recovered
2542,7,gaea,,Wilderness,,0,empty invocation has unresolved CAIS instance,not recovered
2543,47,Ophanim,,Wilderness,,0,empty invocation has unresolved CAIS instance,not recovered
2544,47,Ophanim,,Wilderness,,0,empty invocation has unresolved CAIS instance,not recovered
2545,8,bandit,,Wilderness,,0,empty invocation has unresolved CAIS instance,not recovered
2546,8,bandit,,Wilderness,,0,empty invocation has unresolved CAIS instance,not recovered
2547,8,bandit,,Wilderness,,0,empty invocation has unresolved CAIS instance,not recovered
2548,8,bandit,,Wilderness,,0,empty invocation has unresolved CAIS instance,not recovered
2549,7,gaea,,Wilderness,,0,empty invocation has unresolved CAIS instance,not recovered
2550,7,gaea,,Wilderness,,0,empty invocation has unresolved CAIS instance,not recovered
2551,7,gaea,,Wilderness,,0,empty invocation has unresolved CAIS instance,not recovered
2552,8,bandit,,Wilderness,,0,empty invocation has unresolved CAIS instance,not recovered
2553,8,bandit,,Wilderness,,0,empty invocation has unresolved CAIS instance,not recovered
2554,2,chosen,,Melding|Wilderness,,0,empty invocation has unresolved CAIS instance,not recovered
2555,2,chosen,Null,Excluded,explicit classifier exclusion,0,,not recovered
2556,2,chosen,Null,Excluded,explicit classifier exclusion,0,,not recovered
2557,1,accord,"AlertAndInteractive(emote=""townstand4"", interactionType=""none"", lookAtTarget=""true"")",Settlement,,0,,not recovered
2558,8,bandit,,Wilderness,,0,empty invocation has unresolved CAIS instance,not recovered
2559,8,bandit,,Wilderness,,0,empty invocation has unresolved CAIS instance,not recovered
2560,1,accord,AlertAndLookAtPlayer,Settlement,,0,,not recovered
2561,22,Black Hills Bandits,,Wilderness,,0,,not recovered
2562,4,friendly,"Arch_MedRangedHumanoid_Base(triggerPullTime=3000,fireRestDuration=500,combatDist=50,maxMove=15,pauseDuration=500)",Wilderness,,0,,not recovered
2563,22,Black Hills Bandits,StationaryCivilianDialog(private_id=10474),Settlement,,0,,not recovered
2564,22,Black Hills Bandits,,Wilderness,,0,empty invocation has unresolved CAIS instance,not recovered
2565,1,accord,"AlertAndInteractive(interactionType=""HolsterTalk"")",Settlement,,0,,not recovered
2566,0,,,Wilderness,,0,empty invocation has unresolved CAIS instance,not recovered
2567,4,friendly,"AlertAndInteractive(interactionType=""Generic"",greetingSet=310)",Settlement,,0,,not recovered
2568,4,friendly,"AlertAndInteractive(interactionType=""Generic"",greetingSet=310)",Settlement,,0,,not recovered
2569,7,gaea,,Wilderness,,0,empty invocation has unresolved CAIS instance,not recovered
2570,1,accord,"AlertAndInteractive(interactionType=""HolsterTalk"")",Settlement,,0,,not recovered
2571,1,accord,GuardCityWanderer,Settlement,,0,,not recovered
2572,1,accord,"AlertAndInteractive(interactionType=""HolsterTalk"")",Settlement,,0,,not recovered
2573,1,accord,Alert,Settlement,,0,,not recovered
2574,1,accord,Alert,Settlement,,0,,not recovered
2575,2,chosen,,Melding|Wilderness,,0,empty invocation has unresolved CAIS instance,not recovered
2576,22,Black Hills Bandits,Arch_MedRangedHumanoid_Base(combatDist=10),Wilderness,,0,,not recovered
2577,22,Black Hills Bandits,,Wilderness,,0,empty invocation has unresolved CAIS instance,not recovered
2578,1,accord,"AlertAndInteractive(emote=""calm"", interactionType=""HolsterTalk"")",Settlement,,0,,not recovered
2579,1,accord,"Arch_MedRangedHumanoid_Base(reviveOn=true,triggerPullTime=1500,fireRestDuration=500)",Wilderness,,0,,not recovered
2580,1,accord,"Arch_MedRangedHumanoid_Base(triggerPullTime=1500,fireRestDuration=1000)",Wilderness,,0,,not recovered
2581,22,Black Hills Bandits,,Wilderness,,0,empty invocation has unresolved CAIS instance,not recovered
2582,8,bandit,,Wilderness,,0,empty invocation has unresolved CAIS instance,not recovered
2583,1,accord,"AlertAndInteractive(interactionType = ""GENERIC"")",Settlement,,0,,not recovered
2584,22,Black Hills Bandits,StationaryCivilianDialog(private_id=10474),Settlement,,0,,not recovered
2585,1,accord,"AlertAndInteractive(interactionType=""HolsterTalk"")",Settlement,,0,,not recovered
2586,2,chosen,,Melding|Wilderness,,0,empty invocation has unresolved CAIS instance,not recovered
2587,1,accord,"BasicCivilian(greetingSet=1416, perceptionDist=15)",Settlement,,0,,not recovered
2588,1,accord,"BasicCivilian(greetingSet=1416, perceptionDist=15)",Settlement,,0,,not recovered
2589,1,accord,"BasicCivilian(greetingSet=1416, perceptionDist=15)",Settlement,,0,,not recovered
2590,1,accord,"BasicCivilian(greetingSet=1416, perceptionDist=15)",Settlement,,0,,not recovered
2591,1,accord,"BasicCivilian(greetingSet=1416, perceptionDist=15)",Settlement,,0,,not recovered
2592,1,accord,"BasicCivilian(greetingSet=1416, perceptionDist=15)",Settlement,,0,,not recovered
2593,1,accord,"BasicCivilian(greetingSet=1416, perceptionDist=15)",Settlement,,0,,not recovered
2594,1,accord,"BasicCivilian(greetingSet=1416, perceptionDist=15)",Settlement,,0,,not recovered
2595,1,accord,"BasicCivilian(greetingSet=1416, perceptionDist=15)",Settlement,,0,,not recovered
2596,1,accord,"BasicCivilian(greetingSet=1416, perceptionDist=15)",Settlement,,0,,not recovered
2597,1,accord,"BasicCivilian(greetingSet=1416, perceptionDist=15)",Settlement,,0,,not recovered
2598,1,accord,"BasicCivilian(greetingSet=1416, perceptionDist=15)",Settlement,,0,,not recovered
2599,1,accord,"BasicCivilian(greetingSet=1416, perceptionDist=15)",Settlement,,0,,not recovered
2600,1,accord,"BasicCivilian(greetingSet=1416, perceptionDist=15)",Settlement,,0,,not recovered
2601,1,accord,"BasicCivilian(greetingSet=1416, perceptionDist=15)",Settlement,,0,,not recovered
2602,1,accord,"BasicCivilian(greetingSet=1416, perceptionDist=15)",Settlement,,0,,not recovered
2603,1,accord,"BasicCivilian(greetingSet=1416, perceptionDist=15)",Settlement,,0,,not recovered
2604,1,accord,"BasicCivilian(greetingSet=1416, perceptionDist=15)",Settlement,,0,,not recovered
2605,1,accord,"BasicCivilian(greetingSet=1416, perceptionDist=15)",Settlement,,0,,not recovered
2606,1,accord,"BasicCivilian(greetingSet=1416, perceptionDist=15)",Settlement,,0,,not recovered
2607,1,accord,"BasicCivilian(greetingSet=1416, perceptionDist=15)",Settlement,,0,,not recovered
2608,1,accord,,Wilderness,,0,empty invocation has unresolved CAIS instance,not recovered
2609,1,accord,"BasicCivilian_Stationary(greetingSet=1197, perceptionDist=10)",Settlement,,0,,not recovered
2610,1,accord,PerformEmote,Settlement,,0,,not recovered
2611,1,accord,PerformEmote,Settlement,,0,,not recovered
2612,1,accord,PerformEmote,Settlement,,0,,not recovered
2613,1,accord,PerformEmote,Settlement,,0,,not recovered
2614,1,accord,"BasicCivilian_Stationary(greetingSet=1197, perceptionDist=10)",Settlement,,0,,not recovered
2615,1,accord,BasicCivilian_Stationary(greetingSet=1197),Settlement,,0,,not recovered
2616,1,accord,BasicCivilian_Stationary(greetingSet=1197),Settlement,,0,,not recovered
2617,1,accord,BasicCivilian_Stationary(greetingSet=1197),Settlement,,0,,not recovered
2618,1,accord,Arch_MedRangedHumanoid_Base,Wilderness,,0,,not recovered
2619,1,accord,BasicCivilian_Stationary(greetingSet=1197),Settlement,,0,,not recovered
2620,1,accord,AlertAndLookAtPlayer,Settlement,,0,,not recovered
2621,1,accord,"AlertAndInteractive(entityCollision=0,environmentCollision=0,softEntityCollision=0)",Settlement,,0,,not recovered
2622,1,accord,AlertAndInteractive,Settlement,,0,,not recovered
2623,1,accord,"AlertAndInteractive(interactionType = ""GENERIC"")",Settlement,,0,,not recovered
2624,1,accord,BasicCivilian_Stationary(greetingSet=1197),Settlement,,0,,not recovered
2625,1,accord,"AlertAndInteractive(interactionType=""HolsterTalk"")",Settlement,,0,,not recovered
2626,1,accord,,Wilderness,,0,empty invocation has unresolved CAIS instance,not recovered
2627,1,accord,,Wilderness,,0,empty invocation has unresolved CAIS instance,not recovered
2628,1,accord,,Wilderness,,0,empty invocation has unresolved CAIS instance,not recovered
2629,1,accord,"AlertAndLookAtPlayer(greetingSet=1197, perceptionDist=10)",Settlement,,0,,not recovered
2630,1,accord,"Arch_MedRangedHumanoid_Base(reviveOn=true,triggerPullTime=1500,fireRestDuration=500,entityCollision=false)",Wilderness,,0,,not recovered
2631,1,accord,"BasicCivilian_Stationary(greetingSet=1197, perceptionDist=10)",Settlement,,0,,not recovered
2632,1,accord,NavigateToLocation,Wilderness,,0,route/follow/named-point assignment missing,not recovered
2633,1,accord,,Wilderness,,0,empty invocation has unresolved CAIS instance,not recovered
2634,1,accord,,Wilderness,,0,,not recovered
2635,1,accord,,Wilderness,,0,,not recovered
2636,1,accord,,Wilderness,,0,,not recovered
2637,1,accord,,Wilderness,,0,,not recovered
2638,1,accord,,Wilderness,,0,,not recovered
2639,1,accord,,Wilderness,,0,,not recovered
2640,1,accord,,Wilderness,,0,,not recovered
2641,1,accord,,Wilderness,,0,,not recovered
2642,1,accord,,Wilderness,,0,,not recovered
2643,1,accord,,Wilderness,,0,,not recovered
2644,1,accord,,Wilderness,,0,,not recovered
2645,1,accord,,Wilderness,,0,,not recovered
2646,1,accord,"BasicCivilian_Stationary(greetingSet=1197, perceptionDist=10)",Settlement,,0,,not recovered
2647,2,chosen,,Melding|Wilderness,,0,empty invocation has unresolved CAIS instance,not recovered
2648,1,accord,"BasicCivilian_Stationary(greetingSet=1197, perceptionDist=10)",Settlement,,0,,not recovered
2649,1,accord,,Wilderness,,0,,not recovered
2650,1,accord,,Wilderness,,0,,not recovered
2651,1,accord,,Wilderness,,0,,not recovered
2652,1,accord,,Wilderness,,0,,not recovered
2653,1,accord,AlertAndLookAtPlayer,Settlement,,0,,not recovered
2656,1,accord,,Wilderness,,0,,not recovered
2657,22,Black Hills Bandits,,Wilderness,,0,empty invocation has unresolved CAIS instance,not recovered
2658,22,Black Hills Bandits,,Wilderness,,0,empty invocation has unresolved CAIS instance,not recovered
2659,1,accord,,Wilderness,,0,,not recovered
2660,8,bandit,,Wilderness,,0,empty invocation has unresolved CAIS instance,not recovered
2661,8,bandit,,Wilderness,,0,empty invocation has unresolved CAIS instance,not recovered
2662,46,Reapers,,Wilderness,,0,empty invocation has unresolved CAIS instance,not recovered
2663,45,Rebels,,Wilderness,,0,empty invocation has unresolved CAIS instance,not recovered
2664,1,accord,,Wilderness,,0,empty invocation has unresolved CAIS instance,not recovered
2665,8,bandit,,Wilderness,,0,empty invocation has unresolved CAIS instance,not recovered
2666,8,bandit,,Wilderness,,0,empty invocation has unresolved CAIS instance,not recovered
2667,8,bandit,,Wilderness,,0,empty invocation has unresolved CAIS instance,not recovered
2668,2,chosen,,Melding|Wilderness,,0,empty invocation has unresolved CAIS instance,not recovered
2669,2,chosen,,Melding|Wilderness,,0,empty invocation has unresolved CAIS instance,not recovered
2670,1,accord,,Wilderness,,0,,not recovered
2671,1,accord,,Wilderness,,0,,not recovered
2672,1,accord,BasicCivilian_Stationary,Settlement,,0,,not recovered
2673,1,accord,,Wilderness,,0,,not recovered
2674,1,accord,,Wilderness,,0,,not recovered
2675,1,accord,,Wilderness,,0,,not recovered
2676,1,accord,,Wilderness,,0,,not recovered
2677,1,accord,"BasicCivilian_Stationary(greetingSet=1197, perceptionDist=10)",Settlement,,0,,not recovered
2678,1,accord,"BasicCivilian_Stationary(greetingSet=1197, perceptionDist=10)",Settlement,,0,,not recovered
2680,1,accord,AlertAndLookAtPlayer(greetingSet=1197),Settlement,,0,,not recovered
2681,1,accord,AlertAndLookAtPlayer(greetingSet=1197),Settlement,,0,,not recovered
2682,1,accord,AlertAndLookAtPlayer(greetingSet=1197),Settlement,,0,,not recovered
2683,1,accord,AlertAndLookAtPlayer(greetingSet=1197),Settlement,,0,,not recovered
2684,1,accord,AlertAndLookAtPlayer(greetingSet=1197),Settlement,,0,,not recovered
2685,1,accord,AlertAndLookAtPlayer(greetingSet=1197),Settlement,,0,,not recovered
2686,1,accord,AlertAndLookAtPlayer(greetingSet=1197),Settlement,,0,,not recovered
2687,1,accord,AlertAndLookAtPlayer(greetingSet=1197),Settlement,,0,,not recovered
2688,1,accord,AlertAndLookAtPlayer(greetingSet=1197),Settlement,,0,,not recovered
2689,1,accord,AlertAndLookAtPlayer(greetingSet=1197),Settlement,,0,,not recovered
2690,1,accord,AlertAndLookAtPlayer(greetingSet=1197),Settlement,,0,,not recovered
2691,1,accord,,Wilderness,,0,,not recovered
2692,1,accord,"BasicCivilian_Stationary(greetingSet=1197, perceptionDist=10)",Settlement,,0,,not recovered
2693,1,accord,"BasicCivilian_Stationary(greetingSet=1197, perceptionDist=10)",Settlement,,0,,not recovered
2694,1,accord,"BasicCivilian_Stationary(greetingSet=1197, perceptionDist=10)",Settlement,,0,,not recovered
2695,1,accord,"BasicCivilian_Stationary(greetingSet=1197, perceptionDist=10)",Settlement,,0,,not recovered
2696,1,accord,"BasicCivilian_Stationary(greetingSet=1197, perceptionDist=10)",Settlement,,0,,not recovered
2697,7,gaea,,Wilderness,,0,empty invocation has unresolved CAIS instance,not recovered
2698,1,accord,Arch_MedRangedAmbient_Base,Wilderness,,0,,not recovered
2699,1,accord,,Wilderness,,0,,not recovered
2700,46,Reapers,,Wilderness,,0,empty invocation has unresolved CAIS instance,not recovered
2701,1,accord,,Wilderness,,0,,not recovered
2702,46,Reapers,,Wilderness,,0,empty invocation has unresolved CAIS instance,not recovered
2703,46,Reapers,,Wilderness,,0,empty invocation has unresolved CAIS instance,not recovered
2704,1,accord,PlayerPet,Excluded,explicit classifier exclusion,0,,not recovered
2705,1,accord,,Wilderness,,0,,not recovered
2707,1,accord,,Wilderness,,0,,not recovered
2708,1,accord,,Wilderness,,0,,not recovered
2709,1,accord,,Wilderness,,0,,not recovered
2710,1,accord,"AlertAndInteractive(interactionType=""HolsterTalk"")",Settlement,,0,,not recovered
2711,7,gaea,,Wilderness,,0,empty invocation has unresolved CAIS instance,not recovered
2712,2,chosen,,Melding|Wilderness,,0,empty invocation has unresolved CAIS instance,not recovered
2713,8,bandit,,Wilderness,,0,empty invocation has unresolved CAIS instance,not recovered
2714,1,accord,,Wilderness,,0,,not recovered
2715,1,accord,PlayerPet,Excluded,explicit classifier exclusion,0,,not recovered
2716,1,accord,,Wilderness,,0,,not recovered
2717,1,accord,,Wilderness,,0,,not recovered
2718,1,accord,,Wilderness,,0,,not recovered
2719,1,accord,,Wilderness,,0,,not recovered
2720,1,accord,,Wilderness,,0,,not recovered
2721,1,accord,,Wilderness,,0,,not recovered
2722,1,accord,"UseAbilityOnInteract_Dialog(interactionType=""HolsterTalk"", abilityId = 125036)",Settlement,,0,,not recovered
2723,1,accord,"UseAbilityOnInteract(interactionType=""HolsterTalk"", abilityId = 137135)",Settlement,,0,,not recovered
2724,1,accord,"AlertAndInteractive(emote=""sick"")",Settlement,,0,,not recovered
2725,1,accord,,Wilderness,,0,empty invocation has unresolved CAIS instance,not recovered
2726,1,accord,"AlertAndInteractive(factions=""Accord"",interactionType=""Vendor"")",Settlement,,0,,not recovered
2727,1,accord,"AlertAndInteractive(factions=""Accord"",interactionType=""Vendor"")",Settlement,,0,,not recovered
2728,2,chosen,,Melding|Wilderness,,0,,not recovered
2729,2,chosen,,Melding|Wilderness,,0,,not recovered
2730,1,accord,"AlertAndInteractive(interactionType=""HolsterTalk"")",Settlement,,0,,not recovered
2731,1,accord,"AlertAndInteractive(interactionType=""HolsterTalk"",greetingSet=310)",Settlement,,68,vendor location/uniqueness not assigned,not recovered
2732,2,chosen,,Melding|Wilderness,,0,empty invocation has unresolved CAIS instance,not recovered
2733,1,accord,"UseAbilityOnInteract(interactionType=""HolsterTalk"", abilityId = 125266)",Settlement,,0,,not recovered
2734,1,accord,"UseAbilityOnInteract(interactionType=""HolsterTalk"", abilityId = 125268)",Settlement,,0,,not recovered
2735,1,accord,"AlertAndInteractive(interactionType=""HolsterTalk"")",Settlement,,0,,not recovered
2736,1,accord,"AlertAndInteractive(interactionType=""HolsterTalk"")",Settlement,,0,,not recovered
2737,2,chosen,,Melding|Wilderness,,0,empty invocation has unresolved CAIS instance,not recovered
2738,1,accord,"UseAbilityOnInteract(interactionType=""HolsterTalk"", abilityId = 130391)",Settlement,,0,,not recovered
2739,1,accord,"AlertAndLookAtPlayer(emote=""search"")",Settlement,,0,,not recovered
2740,46,Reapers,,Wilderness,,0,empty invocation has unresolved CAIS instance,not recovered
2741,1,accord,AlertAndLookAtPlayer,Settlement,,0,,not recovered
2742,1,accord,"AlertAndInteractive(interactionType=""HolsterTalk"", emote=""waiting02"")",Settlement,,0,,not recovered
2743,1,accord,PeacetimeCityWanderer,Settlement,,0,,not recovered
2744,1,accord,PeacetimeCityWanderer,Settlement,,0,,not recovered
2745,1,accord,"AlertAndLookAtPlayer(helloScript="""", emote=""sittingstairs01"")",Settlement,,0,,not recovered
2746,1,accord,"AlertAndLookAtPlayer(emote=""sick"")",Settlement,,0,,not recovered
2747,2,chosen,,Melding|Wilderness,,0,empty invocation has unresolved CAIS instance,not recovered
2748,2,chosen,,Melding|Wilderness,,0,,not recovered
2749,1,accord,"UseAbilityOnInteract(interactionType=""HolsterTalk"", abilityId = 130592)",Settlement,,0,,not recovered
2750,1,accord,"UseAbilityOnInteract_Dialog(interactionType=""HolsterTalk"", abilityId = 130604, emote = ""townstand4"")",Settlement,,0,,not recovered
2751,1,accord,"UseAbilityOnInteract(interactionType=""HolsterTalk"", abilityId = 130607)",Settlement,,0,,not recovered
2752,1,accord,,Wilderness,,0,,not recovered
2753,1,accord,,Wilderness,,0,,not recovered
2754,1,accord,,Wilderness,,0,,not recovered
2755,1,accord,"AlertAndLookAtPlayer(emote=""typing01"")",Settlement,,0,pose may require an assigned prop,not recovered
2756,1,accord,"UseAbilityOnInteract(interactionType=""HolsterTalk"", abilityId = 133051)",Settlement,,0,,not recovered
2757,1,accord,AlertAndInteractive,Settlement,,0,,not recovered
2758,1,accord,"UseAbilityOnInteract(interactionType=""HolsterTalk"", abilityId = 133052)",Settlement,,0,,not recovered
2759,1,accord,"UseAbilityOnInteract(interactionType=""HolsterTalk"", abilityId = 133053)",Settlement,,0,,not recovered
2760,1,accord,Pet_Earthbreaker,Excluded,explicit classifier exclusion,0,,not recovered
2761,1,accord,Pet_Earthbreaker,Excluded,explicit classifier exclusion,0,,not recovered
2762,46,Reapers,,Wilderness,,0,empty invocation has unresolved CAIS instance,not recovered
2763,1,accord,"AlertAndInteractive(interactionType=""HolsterTalk"")",Settlement,,0,,not recovered
2764,15,Civilian,AlertAndInteractive,Settlement,,0,,not recovered
2765,8,bandit,"ChainWithPush(behaviorA=""Crouch"",behaviorB=""LookAtNearestPlayer(maxDistance=15)"")",Wilderness,,0,,not recovered
2766,1,accord,"AlertAndInteractive(interactionType=""HolsterTalk"",emote=""kioskviewer1"",emoteDuration=-1)",Settlement,,0,,not recovered
2767,1,accord,"GuardCityWanderer(restFunction=""Guard Stance"")",Settlement,,0,work destination requires placed station,not recovered
2768,1,accord,"AlertAndInteractive(emote=""calm"", interactionType=""HolsterTalk"")",Settlement,,0,,not recovered
2769,1,accord,AlertAndLookAtPlayer(greetingSet=1197),Settlement,,0,,not recovered
2770,1,accord,"AlertAndInteractive(interactionType=""HolsterTalk"")",Settlement,,0,,not recovered
2771,2,chosen,,Melding|Wilderness,,0,,not recovered
2772,2,chosen,,Melding|Wilderness,,0,,not recovered
2773,1,accord,"UseAbilityOnInteract(interactionType=""HolsterTalk"", abilityId = 137018)",Settlement,,0,,not recovered
2774,2,chosen,,Melding|Wilderness,,0,empty invocation has unresolved CAIS instance,not recovered
2775,8,bandit,,Wilderness,,0,empty invocation has unresolved CAIS instance,not recovered
2776,1,accord,"AlertAndInteractive(emote=""waiting03"")",Settlement,,0,,not recovered
2777,1,accord,,Wilderness,,0,,not recovered
2778,45,Rebels,,Wilderness,,0,empty invocation has unresolved CAIS instance,not recovered
2779,1,accord,,Wilderness,,0,empty invocation has unresolved CAIS instance,not recovered
2780,47,Ophanim,,Wilderness,,0,empty invocation has unresolved CAIS instance,not recovered
2781,8,bandit,,Wilderness,,0,empty invocation has unresolved CAIS instance,not recovered
2782,1,accord,"AlertAndInteractive(interactionType=""HolsterTalk"")",Settlement,,0,,not recovered
2783,7,gaea,,Wilderness,,0,empty invocation has unresolved CAIS instance,not recovered
2784,1,accord,"AlertAndInteractive(interactionType=""HolsterTalk"")",Settlement,,0,,not recovered
2785,1,accord,,Wilderness,,0,,not recovered
2786,1,accord,"AlertAndInteractive(perceptionDist=6,interactionType=""HolsterTalk"",greetingSet=236)",Settlement,,0,,not recovered
2787,1,accord,"AlertAndInteractive(emote=""calm"", interactionType=""HolsterTalk"")",Settlement,,0,,not recovered
2788,1,accord,"UseAbilityOnInteract(interactionType=""HolsterTalk"", abilityId = 136937)",Settlement,,0,,not recovered
2789,1,accord,AlertAndInteractive,Settlement,,0,,not recovered
2790,1,accord,AlertAndInteractive,Settlement,,0,,not recovered
2791,2,chosen,,Melding|Wilderness,,0,,not recovered
2792,1,accord,"UseAbilityOnInteract(interactionType=""HolsterTalk"", abilityId = 137022)",Settlement,,0,,not recovered
2793,1,accord,"AlertAndInteractive(emote=""calm"", interactionType=""HolsterTalk"")",Settlement,,0,,not recovered
2794,1,accord,"AlertAndInteractive(emote=""calm"", interactionType=""HolsterTalk"")",Settlement,,0,,not recovered
2795,1,accord,"UseAbilityOnInteract(interactionType=""HolsterTalk"", abilityId = 137025)",Settlement,,0,,not recovered
2796,1,accord,"AlertAndInteractive(interactionType=""holsterTalk"")",Settlement,,0,,not recovered
2797,7,gaea,,Wilderness,,0,empty invocation has unresolved CAIS instance,not recovered
2798,7,gaea,,Wilderness,,0,empty invocation has unresolved CAIS instance,not recovered
2799,1,accord,"AlertAndLookAtPlayer(helloScript="""", emote=""curious02"")",Settlement,,0,,not recovered
2800,8,bandit,"AlertAndLookAtPlayer(helloScript="""", emote=""fear"")",Settlement,,0,,not recovered
2801,46,Reapers,,Wilderness,,0,empty invocation has unresolved CAIS instance,not recovered
2802,1,accord,"Arch_MedRangedHumanoid_Base(reviveOn=true,triggerPullTime=1500,fireRestDuration=500,entityCollision=false)",Wilderness,,0,,not recovered
2803,1,accord,"Arch_MedRangedHumanoid_Base(reviveOn=true,triggerPullTime=1500,fireRestDuration=500,entityCollision=false)",Wilderness,,0,,not recovered
2804,1,accord,"AlertAndLookAtPlayer(helloScript="""", emote=""calm"")",Settlement,,0,,not recovered
2805,2,chosen,,Melding|Wilderness,,0,,not recovered
2806,1,accord,,Wilderness,,0,,not recovered
2807,1,accord,,Wilderness,,0,,not recovered
2808,2,chosen,,Melding|Wilderness,,0,,not recovered
2809,1,accord,,Wilderness,,0,,not recovered
2810,1,accord,Stand,Settlement,,0,,not recovered
2811,1,accord,"UseAbilityOnInteract(interactionType=""HolsterTalk"", abilityId = 137089)",Settlement,,0,,not recovered
2812,1,accord,"UseAbilityOnInteract(interactionType=""HolsterTalk"", abilityId = 137090)",Settlement,,0,,not recovered
2813,1,accord,,Wilderness,,0,,not recovered
2814,1,accord,"AlertAndLookAtPlayer(helloScript="""", emote=""townstand2"")",Settlement,,0,,not recovered
2815,1,accord,"Arch_MedRangedHumanoid_Base(reviveOn=true,triggerPullTime=1500,fireRestDuration=500,entityCollision=false)",Wilderness,,0,,not recovered
2816,1,accord,"Arch_MedRangedHumanoid_Base(reviveOn=true,triggerPullTime=1500,fireRestDuration=500,entityCollision=false)",Wilderness,,0,,not recovered
2817,1,accord,"Arch_MedRangedHumanoid_Base(reviveOn=true,triggerPullTime=1500,fireRestDuration=500,entityCollision=false)",Wilderness,,0,,not recovered
2818,1,accord,"Arch_MedRangedHumanoid_Base(reviveOn=true,triggerPullTime=1500,fireRestDuration=500,entityCollision=false)",Wilderness,,0,,not recovered
2819,1,accord,"Arch_MedRangedHumanoid_Base(reviveOn=true,triggerPullTime=1500,fireRestDuration=500,entityCollision=false)",Wilderness,,0,,not recovered
2820,1,accord,"Arch_MedRangedHumanoid_Base(reviveOn=true,triggerPullTime=1500,fireRestDuration=500,entityCollision=false)",Wilderness,,0,,not recovered
2821,1,accord,"Arch_MedRangedHumanoid_Base(reviveOn=true,triggerPullTime=1500,fireRestDuration=500,entityCollision=false)",Wilderness,,0,,not recovered
2822,1,accord,ApplyStatusEffect(statusEffect=12477),Wilderness,,0,,not recovered
2823,1,accord,ApplyStatusEffect(statusEffect=12477),Wilderness,,0,,not recovered
2824,1,accord,ApplyStatusEffect(statusEffect=12477),Wilderness,,0,,not recovered
2825,1,accord,"Arch_MedRangedHumanoid_Base(reviveOn=true,triggerPullTime=1500,fireRestDuration=500,entityCollision=false)",Wilderness,,0,,not recovered
2826,1,accord,"UseAbilityOnInteract(emote=""calm"", interactionType=""HolsterTalk"", abilityId = 137130)",Settlement,,0,,not recovered
2827,1,accord,"UseAbilityOnInteract(interactionType=""HolsterTalk"", abilityId = 137134)",Settlement,,0,,not recovered
2828,1,accord,"UseAbilityOnInteract(interactionType=""HolsterTalk"", abilityId = 137141)",Settlement,,0,,not recovered
2829,1,accord,"AlertAndLookAtPlayer(helloScript="""", emote=""townstand6"")",Settlement,,0,,not recovered
2830,1,accord,"AlertAndLookAtPlayer(helloScript="""", emote=""townstand4"")",Settlement,,0,,not recovered
2831,1,accord,"AlertAndLookAtPlayer(helloScript="""", emote=""townlean2"")",Settlement,,0,pose may require an assigned prop,not recovered
2832,1,accord,"Arch_MedRangedRifleman_Base(stationary=true,calmWanderChance=0)",Wilderness,,0,,not recovered
2833,1,accord,"UseAbilityOnInteract(interactionType=""HolsterTalk"", abilityId = 137215)",Settlement,,0,,not recovered
2834,1,accord,"Arch_MedRangedHumanoid_Base(reviveOn=true,triggerPullTime=1500,fireRestDuration=500,entityCollision=false)",Wilderness,,0,,not recovered
2835,1,accord,"UseAbilityOnInteract(interactionType=""HolsterTalk"", abilityId = 137217)",Settlement,,0,,not recovered
2836,2,chosen,,Melding|Wilderness,,0,,not recovered
2837,1,accord,Pet_Earthbreaker,Excluded,explicit classifier exclusion,0,,not recovered
2838,7,gaea,,Wilderness,,0,empty invocation has unresolved CAIS instance,not recovered
2839,1,accord,"AlertAndInteractive(interactionType=""holsterTalk"")",Settlement,,0,,not recovered
2840,6,melding,,Melding,,0,empty invocation has unresolved CAIS instance,not recovered
2841,45,Rebels,,Wilderness,,0,empty invocation has unresolved CAIS instance,not recovered
2842,1,accord,Pet_Earthbreaker,Excluded,explicit classifier exclusion,0,,not recovered
2843,4,friendly,,Wilderness,,0,,not recovered
2844,1,accord,"Arch_MedRangedHumanoid_Base(reviveOn=true,triggerPullTime=1500,fireRestDuration=500,entityCollision=false)",Wilderness,,0,,not recovered
2845,1,accord,"UseAbilityOnInteract(interactionType=""HolsterTalk"", abilityId = 138335)",Settlement,,0,,not recovered
2846,1,accord,"UseAbilityOnInteract_Dialog(interactionType=""HolsterTalk"", abilityId = 138336, emote = ""townlean2"")",Settlement,,0,pose may require an assigned prop,not recovered
2847,1,accord,"UseAbilityOnInteract_Dialog(interactionType=""HolsterTalk"", abilityId = 138337, emote = ""townstand4"")",Settlement,,0,,not recovered
2848,1,accord,,Wilderness,,0,,not recovered
2849,1,accord,"AlertAndInteractive(interactionType=""holsterTalk"")",Settlement,,0,,not recovered
2850,1,accord,"UseAbilityOnInteract_Dialog(interactionType=""HolsterTalk"", abilityId = 138339, emote = ""townbar2"")",Settlement,,0,,not recovered
2851,1,accord,"AlertAndInteractive(emote=""calm"", interactionType=""HolsterTalk"")",Settlement,,0,,not recovered
2852,1,accord,"AlertAndLookAtPlayer(emote=""fear"")",Settlement,,0,,not recovered
2853,1,accord,"AlertAndLookAtPlayer(emote=""townstand6"")",Settlement,,0,,not recovered
2854,7,gaea,,Wilderness,,0,empty invocation has unresolved CAIS instance,not recovered
2855,1,accord,,Wilderness,,0,,not recovered
2856,1,accord,"AlertAndInteractive(interactionType = ""GENERIC"")",Settlement,,0,,not recovered
2857,1,accord,"AlertAndInteractive(interactionType = ""GENERIC"")",Settlement,,0,,not recovered
2858,1,accord,"AlertAndInteractive(interactionType = ""GENERIC"")",Settlement,,0,,not recovered
2859,1,accord,,Wilderness,,0,,not recovered
2860,1,accord,"AlertAndInteractive(interactionType = ""GENERIC"")",Settlement,,0,,not recovered
2861,1,accord,"AlertAndInteractive(interactionType = ""GENERIC"")",Settlement,,0,,not recovered
2862,1,accord,,Wilderness,,0,,not recovered
2863,1,accord,,Wilderness,,0,,not recovered
2864,1,accord,,Wilderness,,0,,not recovered
2865,1,accord,"Arch_MedRangedHumanoid_Base(reviveOn=true,triggerPullTime=1500,fireRestDuration=500,entityCollision=false)",Wilderness,,0,,not recovered
2866,8,bandit,,Wilderness,,0,empty invocation has unresolved CAIS instance,not recovered
2867,2,chosen,Done,Melding|Wilderness,,0,,not recovered
2868,1,accord,"Arch_MedRangedHumanoid_Base(reviveOn=true,triggerPullTime=1500,fireRestDuration=500,entityCollision=false)",Wilderness,,0,,not recovered
2869,1,accord,"AlertAndInteractive(emote=""utility"")",Settlement,,0,,not recovered
2870,1,accord,"Arch_MedRangedHumanoid_Base(reviveOn=true,triggerPullTime=1500,fireRestDuration=500,entityCollision=false)",Wilderness,,0,,not recovered
2871,8,bandit,,Wilderness,,0,empty invocation has unresolved CAIS instance,not recovered
2872,8,bandit,,Wilderness,,0,empty invocation has unresolved CAIS instance,not recovered
2873,1,accord,"AlertAndInteractive(interactionType=""HolsterTalk"",greetingSet=310)",Settlement,,86,vendor location/uniqueness not assigned,not recovered
2874,1,accord,"AlertAndInteractive(greetingSet=311, leashToSpawn=true, despawnWhenStuck=true, emote=""townlean2"")",Settlement,,102,vendor location/uniqueness not assigned; pose may require an assigned prop,not recovered
2875,1,accord,,Settlement,,101,vendor location/uniqueness not assigned; empty invocation has unresolved CAIS instance,not recovered
2876,1,accord,"AlertAndInteractive(greetingSet=311, leashToSpawn=true, despawnWhenStuck=true, emote=""townstand3"")",Settlement,,100,vendor location/uniqueness not assigned,not recovered
2877,1,accord,"UseAbilityOnInteract(interactionType=""HolsterTalk"", abilityId = 138747)",Settlement,,0,,not recovered
2878,1,accord,"UseAbilityOnInteract(interactionType=""HolsterTalk"", abilityId = 138749)",Settlement,,0,,not recovered
2879,1,accord,"UseAbilityOnInteract(interactionType=""HolsterTalk"", abilityId = 138750)",Settlement,,0,,not recovered
2880,1,accord,"UseAbilityOnInteract(interactionType=""HolsterTalk"", abilityId = 138752)",Settlement,,0,,not recovered
2881,1,accord,"BasicCivilian_Stationary(greetingSet=1197, perceptionDist=10)",Settlement,,0,,not recovered
2882,1,accord,"BasicCivilian_Stationary(greetingSet=1197, perceptionDist=10)",Settlement,,0,,not recovered
2883,1,accord,"BasicCivilian_Stationary(greetingSet=1197, perceptionDist=10)",Settlement,,0,,not recovered
2884,0,,,Excluded,no representation,0,,not recovered
2885,0,,,Excluded,no representation,0,,not recovered
2886,0,,,Excluded,no representation,0,,not recovered
2887,0,,,Excluded,no representation,0,,not recovered
2888,0,,,Excluded,no representation,0,,not recovered
2889,1,accord,"BasicCivilian_Stationary(greetingSet=1197, perceptionDist=10)",Settlement,,0,,not recovered
2890,1,accord,"BasicCivilian_Stationary(greetingSet=1197, perceptionDist=10)",Settlement,,0,,not recovered
2891,1,accord,Arch_MedRangedHumanoid_Base,Wilderness,,0,,not recovered
2892,1,accord,,Wilderness,,0,empty invocation has unresolved CAIS instance,not recovered
2893,1,accord,,Wilderness,,0,empty invocation has unresolved CAIS instance,not recovered
2894,2,chosen,,Melding|Wilderness,,0,,not recovered
2895,7,gaea,,Wilderness,,0,empty invocation has unresolved CAIS instance,not recovered
2896,6,melding,,Melding,,0,empty invocation has unresolved CAIS instance,not recovered
2899,1,accord,,Settlement,,40,vendor location/uniqueness not assigned; empty invocation has unresolved CAIS instance,not recovered
2900,1,accord,,Wilderness,,0,empty invocation has unresolved CAIS instance,not recovered
2901,4,friendly,,Wilderness,,0,empty invocation has unresolved CAIS instance,not recovered
2902,2,chosen,,Melding|Wilderness,,0,empty invocation has unresolved CAIS instance,not recovered
2903,1,accord,,Wilderness,,0,,not recovered
2904,2,chosen,,Melding|Wilderness,,0,,not recovered
2905,2,chosen,"EngineerTurretTeleporter(targetMinDist=10, targetLostDelay=1,targetSelectDist=60,triggerPullTime=5000)",Excluded,explicit classifier exclusion,0,,not recovered
2906,1,accord,,Wilderness,,0,empty invocation has unresolved CAIS instance,not recovered
2907,1,accord,GuardCityWanderer,Settlement,,0,,not recovered
2908,1,accord,GuardCityWanderer,Settlement,,0,,not recovered
2909,1,accord,GuardCityWanderer,Settlement,,0,,not recovered
2910,1,accord,GuardCityWanderer,Settlement,,0,,not recovered
2911,2,chosen,,Melding|Wilderness,,0,,not recovered
2912,1,accord,"Arch_MedRangedHumanoid_Base(reviveOn=true,triggerPullTime=1500,fireRestDuration=500)",Wilderness,,0,,not recovered
2913,1,accord,"Arch_MedRangedHumanoid_Base(reviveOn=true,triggerPullTime=1500,fireRestDuration=500)",Wilderness,,0,,not recovered
2914,1,accord,"Arch_MedRangedHumanoid_Base(reviveOn=true,triggerPullTime=1500,fireRestDuration=500)",Wilderness,,0,,not recovered
2915,1,accord,"Arch_MedRangedHumanoid_Base(reviveOn=true,triggerPullTime=1500,fireRestDuration=500)",Wilderness,,0,,not recovered
2916,1,accord,"Arch_MedRangedHumanoid_Base(reviveOn=true,triggerPullTime=1500,fireRestDuration=500)",Wilderness,,0,,not recovered
2917,1,accord,"Arch_MedRangedHumanoid_Base(triggerPullTime=1500,fireRestDuration=1000)",Wilderness,,0,,not recovered
2918,1,accord,"Arch_MedRangedHumanoid_Base(triggerPullTime=1500,fireRestDuration=1000)",Wilderness,,0,,not recovered
2919,1,accord,"Arch_MedRangedHumanoid_Base(triggerPullTime=1500,fireRestDuration=1000)",Wilderness,,0,,not recovered
2920,1,accord,"Arch_MedRangedHumanoid_Base(triggerPullTime=1500,fireRestDuration=1000)",Wilderness,,0,,not recovered
2921,1,accord,"Arch_MedRangedHumanoid_Base(triggerPullTime=1500,fireRestDuration=1000)",Wilderness,,0,,not recovered
2922,1,accord,"Arch_MedRangedHumanoid_Base(triggerPullTime=1500,fireRestDuration=1000)",Wilderness,,0,,not recovered
2923,1,accord,"Arch_MedRangedHumanoid_Base(triggerPullTime=1500,fireRestDuration=1000)",Wilderness,,0,,not recovered
2924,1,accord,"Arch_MedRangedHumanoid_Base(triggerPullTime=1500,fireRestDuration=1000)",Wilderness,,0,,not recovered
2925,1,accord,"Arch_MedRangedHumanoid_Base(triggerPullTime=1500,fireRestDuration=1000)",Wilderness,,0,,not recovered
2926,1,accord,"Arch_MedRangedHumanoid_Base(triggerPullTime=1500,fireRestDuration=1000)",Wilderness,,0,,not recovered
2927,45,Rebels,,Wilderness,,0,empty invocation has unresolved CAIS instance,not recovered
2928,45,Rebels,,Wilderness,,0,empty invocation has unresolved CAIS instance,not recovered
2929,1,accord,,Wilderness,,0,empty invocation has unresolved CAIS instance,not recovered
2930,1,accord,,Wilderness,,0,,not recovered
2931,4,friendly,,Wilderness,,0,empty invocation has unresolved CAIS instance,not recovered
2932,4,friendly,,Wilderness,,0,empty invocation has unresolved CAIS instance,not recovered
2933,1,accord,"Arch_MedRangedHumanoid_Base(triggerPullTime=1500,fireRestDuration=1000)",Wilderness,,0,,not recovered
2934,1,accord,"Arch_MedRangedRifleman_Base(triggerPullTime=1500,fireRestDuration=1000)",Wilderness,,0,,not recovered
2935,1,accord,Pet_Earthbreaker,Excluded,explicit classifier exclusion,0,,not recovered
2936,1,accord,Pet_Earthbreaker,Excluded,explicit classifier exclusion,0,,not recovered
2937,1,accord,,Wilderness,,0,,not recovered
2938,1,accord,,Wilderness,,0,empty invocation has unresolved CAIS instance,not recovered
2939,0,,"PeacetimeCityWanderer(restFunction=""Work"")",Settlement,,0,work destination requires placed station,not recovered
2940,1,accord,,Wilderness,,0,empty invocation has unresolved CAIS instance,not recovered
2942,7,gaea,,Wilderness,,0,empty invocation has unresolved CAIS instance,not recovered
2944,7,gaea,,Wilderness,,0,empty invocation has unresolved CAIS instance,not recovered
2945,7,gaea,,Wilderness,,0,empty invocation has unresolved CAIS instance,not recovered
2946,8,bandit,,Wilderness,,0,empty invocation has unresolved CAIS instance,not recovered
2947,1,accord,,Wilderness,,0,,not recovered
2948,2,chosen,,Melding|Wilderness,,0,,not recovered
2949,45,Rebels,,Wilderness,,0,empty invocation has unresolved CAIS instance,not recovered
2950,45,Rebels,,Wilderness,,0,empty invocation has unresolved CAIS instance,not recovered
2951,45,Rebels,,Wilderness,,0,empty invocation has unresolved CAIS instance,not recovered
2952,45,Rebels,,Wilderness,,0,empty invocation has unresolved CAIS instance,not recovered
2953,45,Rebels,,Wilderness,,0,empty invocation has unresolved CAIS instance,not recovered
2954,1,accord,,Wilderness,,0,empty invocation has unresolved CAIS instance,not recovered
2955,4,friendly,,Wilderness,,0,empty invocation has unresolved CAIS instance,not recovered
2956,4,friendly,,Wilderness,,0,empty invocation has unresolved CAIS instance,not recovered
2957,2,chosen,,Melding|Wilderness,,0,,not recovered
2958,5,monster,,Wilderness,,0,empty invocation has unresolved CAIS instance,not recovered
2959,1,accord,,Wilderness,,0,,not recovered
2960,1,accord,,Wilderness,,0,,not recovered
2961,1,accord,,Wilderness,,0,,not recovered
2962,2,chosen,,Melding|Wilderness,,0,empty invocation has unresolved CAIS instance,not recovered
2963,2,chosen,,Melding|Wilderness,,0,empty invocation has unresolved CAIS instance,not recovered
2964,1,accord,"Arch_MedRangedHumanoid_Base(triggerPullTime=1500,fireRestDuration=1000)",Wilderness,,0,,not recovered
2965,2,chosen,,Melding|Wilderness,,0,empty invocation has unresolved CAIS instance,not recovered
2966,0,,Stand,Settlement,,0,,not recovered
2967,45,Rebels,,Wilderness,,0,empty invocation has unresolved CAIS instance,not recovered
2968,1,accord,"UseAbilityOnInteract(interactionType=""HolsterTalk"", abilityId = 140019)",Settlement,,0,,not recovered
2969,1,accord,"UseAbilityOnInteract(interactionType=""HolsterTalk"", abilityId = 140020)",Settlement,,0,,not recovered
2970,1,accord,"UseAbilityOnInteract(interactionType=""HolsterTalk"", abilityId = 140021)",Settlement,,0,,not recovered
2971,1,accord,Arch_MedRangedHumanoid_Base,Wilderness,,0,,not recovered
2972,1,accord,"UseAbilityOnInteract_Dialog(interactionType=""HolsterTalk"", abilityId = 140051, emote = ""sittingchair03"")",Settlement,,0,pose may require an assigned prop,not recovered
2973,1,accord,"UseAbilityOnInteract_Dialog(interactionType=""HolsterTalk"", abilityId = 140052, emote = ""lounge01"")",Settlement,,0,,not recovered
2974,1,accord,"UseAbilityOnInteract_Dialog(interactionType=""HolsterTalk"", abilityId = 140053, emote = ""sittingchair05"", lookAtTarget=1)",Settlement,,0,pose may require an assigned prop,not recovered
2975,1,accord,"UseAbilityOnInteract_Dialog(interactionType=""HolsterTalk"", abilityId = 140054, emote = """")",Settlement,,0,,not recovered
2976,1,accord,"UseAbilityOnInteract_Dialog(interactionType=""HolsterTalk"", abilityId = 140055, emote = """")",Settlement,,0,,not recovered
2977,1,accord,"UseAbilityOnInteract_Dialog(interactionType=""HolsterTalk"", abilityId = 140056, emote = """")",Settlement,,0,,not recovered
2978,1,accord,"AlertAndLookAtPlayer(emote=""townstand4"")",Settlement,,0,,not recovered
2979,4,friendly,,Wilderness,,0,,not recovered
2980,1,accord,,Wilderness,,0,empty invocation has unresolved CAIS instance,not recovered
2981,1,accord,,Wilderness,,0,empty invocation has unresolved CAIS instance,not recovered
2982,1,accord,,Wilderness,,0,,not recovered
2983,1,accord,,Wilderness,,0,,not recovered
2984,8,bandit,,Wilderness,,0,empty invocation has unresolved CAIS instance,not recovered
2985,2,chosen,,Melding|Wilderness,,0,empty invocation has unresolved CAIS instance,not recovered
2986,1,accord,,Wilderness,,0,,not recovered
2987,2,chosen,,Melding|Wilderness,,0,,not recovered
2988,1,accord,,Wilderness,,0,,not recovered
2989,48,Blackhats,,Wilderness,,0,empty invocation has unresolved CAIS instance,not recovered
2990,1,accord,,Wilderness,,0,empty invocation has unresolved CAIS instance,not recovered
2991,1,accord,,Wilderness,,0,,not recovered
2992,2,chosen,,Melding|Wilderness,,0,empty invocation has unresolved CAIS instance,not recovered
2993,8,bandit,,Wilderness,,0,empty invocation has unresolved CAIS instance,not recovered
2994,8,bandit,,Wilderness,,0,empty invocation has unresolved CAIS instance,not recovered
2995,8,bandit,,Wilderness,,0,empty invocation has unresolved CAIS instance,not recovered
2996,22,Black Hills Bandits,,Wilderness,,0,empty invocation has unresolved CAIS instance,not recovered
2997,8,bandit,,Wilderness,,0,empty invocation has unresolved CAIS instance,not recovered
2998,8,bandit,,Wilderness,,0,empty invocation has unresolved CAIS instance,not recovered
2999,10,Corporation - Omnidyne-M,"UseAbilityOnInteract_Dialog(interactionType=""HolsterTalk"", abilityId = 142086)",Settlement,,0,,not recovered
3000,1,accord,"AlertAndInteractive(interactionType=""HolsterTalk"")",Settlement,,87,vendor location/uniqueness not assigned,not recovered
3001,1,accord,StayAtSpawn,Wilderness,,0,,not recovered
3002,1,accord,"AlertAndInteractive(interactionType=""HolsterTalk"")",Settlement,,88,vendor location/uniqueness not assigned,not recovered
3003,1,accord,"AlertAndInteractive(interactionType=""HolsterTalk"")",Settlement,,89,vendor location/uniqueness not assigned,not recovered
3004,1,accord,"AlertAndInteractive(interactionType=""HolsterTalk"")",Settlement,,90,vendor location/uniqueness not assigned,not recovered
3005,1,accord,"AlertAndInteractive(interactionType=""HolsterTalk"")",Settlement,,91,vendor location/uniqueness not assigned,not recovered
3006,1,accord,"AlertAndInteractive(emote=""calm"", interactionType=""HolsterTalk"")",Settlement,,0,,not recovered
3007,1,accord,"AlertAndInteractive(interactionType=""Generic"")",Settlement,,92,vendor location/uniqueness not assigned,not recovered
3008,2,chosen,,Melding|Wilderness,,0,empty invocation has unresolved CAIS instance,not recovered
3009,1,accord,"AlertAndInteractive(interactionType=""Generic"")",Settlement,,93,vendor location/uniqueness not assigned,not recovered
3010,1,accord,"AlertAndInteractive(interactionType=""Generic"")",Settlement,,94,vendor location/uniqueness not assigned,not recovered
3011,1,accord,"AlertAndInteractive(interactionType=""Generic"")",Settlement,,95,vendor location/uniqueness not assigned,not recovered
3012,1,accord,"AlertAndInteractive(interactionType=""Generic"")",Settlement,,96,vendor location/uniqueness not assigned,not recovered
3013,1,accord,"AlertAndInteractive(factions=""Accord"",interactionType=""Vendor"", dialogScript=39340)",Settlement,,85,vendor location/uniqueness not assigned,not recovered
3014,1,accord,"AlertAndInteractive(emote=""calm"", interactionType=""HolsterTalk"")",Settlement,,0,,not recovered
3015,1,accord,"UseAbilityOnInteract(interactionType=""HolsterTalk"", abilityId = 140502)",Settlement,,0,,not recovered
3016,1,accord,"UseAbilityOnInteract(interactionType=""HolsterTalk"", abilityId = 140503)",Settlement,,0,,not recovered
3017,1,accord,"UseAbilityOnInteract(interactionType=""HolsterTalk"", abilityId = 140504)",Settlement,,0,,not recovered
3018,1,accord,"UseAbilityOnInteract(interactionType=""HolsterTalk"", abilityId = 140505)",Settlement,,0,,not recovered
3019,2,chosen,,Melding|Wilderness,,0,empty invocation has unresolved CAIS instance,not recovered
3020,8,bandit,,Wilderness,,0,empty invocation has unresolved CAIS instance,not recovered
3021,8,bandit,,Wilderness,,0,empty invocation has unresolved CAIS instance,not recovered
3022,8,bandit,,Wilderness,,0,empty invocation has unresolved CAIS instance,not recovered
3023,1,accord,"BasicCivilian_Stationary(greetingSet=1197, perceptionDist=10)",Settlement,,0,,not recovered
3024,1,accord,"UseAbilityOnInteract(interactionType=""HolsterTalk"", abilityId = 140530)",Settlement,,0,,not recovered
3025,1,accord,"UseAbilityOnInteract(interactionType=""HolsterTalk"", abilityId = 140531)",Settlement,,0,,not recovered
3026,1,accord,"UseAbilityOnInteract(interactionType=""HolsterTalk"", abilityId = 140532)",Settlement,,0,,not recovered
3027,1,accord,"UseAbilityOnInteract(interactionType=""HolsterTalk"", abilityId = 140533)",Settlement,,0,,not recovered
3028,1,accord,"UseAbilityOnInteract(interactionType=""HolsterTalk"", abilityId = 140534)",Settlement,,0,,not recovered
3029,2,chosen,,Melding|Wilderness,,0,,not recovered
3030,8,bandit,,Wilderness,,0,empty invocation has unresolved CAIS instance,not recovered
3031,8,bandit,,Wilderness,,0,empty invocation has unresolved CAIS instance,not recovered
3032,8,bandit,,Wilderness,,0,empty invocation has unresolved CAIS instance,not recovered
3033,1,accord,"UseAbilityOnInteract_Dialog(interactionType=""HolsterTalk"", abilityId = 140367, emote=""waiting02"")",Settlement,,0,,not recovered
3034,1,accord,"UseAbilityOnInteract_Dialog(interactionType=""HolsterTalk"", abilityId = 140657, emote = ""townlean1"")",Settlement,,0,pose may require an assigned prop,not recovered
3035,1,accord,"UseAbilityOnInteract(interactionType=""HolsterTalk"", abilityId = 140658)",Settlement,,0,,not recovered
3036,1,accord,"UseAbilityOnInteract(interactionType=""HolsterTalk"", abilityId = 140659)",Settlement,,0,,not recovered
3037,1,accord,Null,Excluded,no representation,0,,not recovered
3038,1,accord,"AlertAndLookAtPlayer(helloScript="""", emote=""curious02"")",Settlement,,0,,not recovered
3039,1,accord,Arch_MedRangedHumanoid_Base,Wilderness,,0,,not recovered
3040,1,accord,,Wilderness,,0,,not recovered
3041,1,accord,"AlertAndLookAtPlayer(emote=""cover"")",Settlement,,0,,not recovered
3042,1,accord,,Wilderness,,0,empty invocation has unresolved CAIS instance,not recovered
3043,1,accord,,Wilderness,,0,,not recovered
3044,2,chosen,,Melding|Wilderness,,0,empty invocation has unresolved CAIS instance,not recovered
3046,8,bandit,,Wilderness,,0,empty invocation has unresolved CAIS instance,not recovered
3047,4,friendly,,Wilderness,,0,empty invocation has unresolved CAIS instance,not recovered
3048,1,accord,"AlertAndInteractive(interactionType=""HolsterTalk"")",Settlement,,0,,not recovered
3049,8,bandit,,Wilderness,,0,,not recovered
3050,1,accord,"AlertAndLookAtPlayer(emote=""fear"")",Settlement,,0,,not recovered
3051,1,accord,"UseAbilityOnInteract(interactionType=""HolsterTalk"", abilityId = 140660)",Settlement,,0,,not recovered
3052,8,bandit,,Wilderness,,0,empty invocation has unresolved CAIS instance,not recovered
3053,8,bandit,,Wilderness,,0,empty invocation has unresolved CAIS instance,not recovered
3054,1,accord,,Wilderness,,0,,not recovered
3055,1,accord,"PeacetimeCityWanderer(restFunction=""Bar"")",Settlement,,0,work destination requires placed station,not recovered
3056,1,accord,"AlertAndInteractive(interactionType=""HolsterTalk"")",Settlement,,0,,not recovered
3057,1,accord,Arch_MedRangedHumanoid_Base,Wilderness,,0,,not recovered
3058,8,bandit,,Wilderness,,0,empty invocation has unresolved CAIS instance,not recovered
3059,9,neutral,Null,Excluded,no representation,0,,not recovered
3060,9,neutral,Null,Excluded,no representation,0,,not recovered
3061,2,chosen,,Melding|Wilderness,,0,empty invocation has unresolved CAIS instance,not recovered
3062,1,accord,,Wilderness,,0,empty invocation has unresolved CAIS instance,not recovered
3063,1,accord,Arch_MedRangedHumanoid_Base,Wilderness,,0,,not recovered
3064,2,chosen,,Melding|Wilderness,,0,empty invocation has unresolved CAIS instance,not recovered
3065,4,friendly,,Wilderness,,0,empty invocation has unresolved CAIS instance,not recovered
3066,4,friendly,,Wilderness,,0,empty invocation has unresolved CAIS instance,not recovered
3067,1,accord,Arch_MedRangedHumanoid_Base,Wilderness,,0,,not recovered
3068,1,accord,Arch_MedRangedHumanoid_Base,Wilderness,,0,,not recovered
3069,1,accord,,Wilderness,,0,empty invocation has unresolved CAIS instance,not recovered
3070,1,accord,"Arch_MedRangedHumanoid_Base(triggerPullTime=1500,fireRestDuration=1000)",Wilderness,,0,,not recovered
3071,8,bandit,Done,Wilderness,,0,,not recovered
3072,2,chosen,,Melding|Wilderness,,0,,not recovered
3073,2,chosen,,Melding|Wilderness,,0,,not recovered
3074,45,Rebels,,Wilderness,,0,empty invocation has unresolved CAIS instance,not recovered
3075,45,Rebels,,Wilderness,,0,empty invocation has unresolved CAIS instance,not recovered
3076,45,Rebels,,Wilderness,,0,empty invocation has unresolved CAIS instance,not recovered
3077,45,Rebels,,Wilderness,,0,empty invocation has unresolved CAIS instance,not recovered
3078,45,Rebels,,Wilderness,,0,empty invocation has unresolved CAIS instance,not recovered
3079,45,Rebels,,Wilderness,,0,empty invocation has unresolved CAIS instance,not recovered
3080,45,Rebels,,Wilderness,,0,empty invocation has unresolved CAIS instance,not recovered
3081,45,Rebels,,Wilderness,,0,empty invocation has unresolved CAIS instance,not recovered
3082,45,Rebels,,Wilderness,,0,empty invocation has unresolved CAIS instance,not recovered
3083,45,Rebels,,Wilderness,,0,empty invocation has unresolved CAIS instance,not recovered
3084,45,Rebels,,Wilderness,,0,empty invocation has unresolved CAIS instance,not recovered
3085,1,accord,"AlertAndInteractive(interactionType=""HolsterTalk"")",Settlement,,0,,not recovered
3086,1,accord,"AlertAndInteractive(emote=""calm"", interactionType=""HolsterTalk"")",Settlement,,0,,not recovered
3087,4,friendly,,Wilderness,,0,empty invocation has unresolved CAIS instance,not recovered
3088,1,accord,"Arch_MedRangedHumanoid_Base(reviveOn=true,triggerPullTime=1500,fireRestDuration=500,entityCollision=false)",Wilderness,,0,,not recovered
3089,1,accord,,Wilderness,,0,empty invocation has unresolved CAIS instance,not recovered
3090,1,accord,"Arch_MedRangedHumanoid_Base(reviveOn=true,triggerPullTime=1500,fireRestDuration=500,entityCollision=false)",Wilderness,,0,,not recovered
3091,1,accord,"GuardCityWanderer(greetingSet=1197,numGreetEmotes=1,emote1=""wave"")",Settlement,,0,,not recovered
3092,1,accord,"Arch_MedRangedHumanoid_Base(reviveOn=true,triggerPullTime=1500,fireRestDuration=500)",Wilderness,,0,,not recovered
3093,1,accord,,Wilderness,,0,empty invocation has unresolved CAIS instance,not recovered
3094,1,accord,,Wilderness,,0,empty invocation has unresolved CAIS instance,not recovered
3095,4,friendly,,Wilderness,,0,empty invocation has unresolved CAIS instance,not recovered
3096,11,Corporation - Kisuton,"AlertAndInteractive(factions=""Accord"",interactionType=""Vendor"", dialogScript=39340)",Settlement,,97,vendor location/uniqueness not assigned,not recovered
3097,1,accord,,Wilderness,,0,empty invocation has unresolved CAIS instance,not recovered
3098,12,Corporation - Astrek Association,"AlertAndInteractive(interactionType=""Generic"")",Settlement,,98,vendor location/uniqueness not assigned,not recovered
3099,10,Corporation - Omnidyne-M,"AlertAndInteractive(interactionType=""HolsterTalk"")",Settlement,,99,vendor location/uniqueness not assigned,not recovered
3100,1,accord,AlertAndLookAtPlayer,Settlement,,0,,not recovered
3101,1,accord,,Wilderness,,0,empty invocation has unresolved CAIS instance,not recovered
3102,1,accord,"UseAbilityOnInteract(interactionType=""HolsterTalk"", abilityId = 140661)",Settlement,,0,,not recovered
3103,1,accord,,Wilderness,,0,,not recovered
3104,4,friendly,,Wilderness,,0,empty invocation has unresolved CAIS instance,not recovered
3105,2,chosen,,Melding|Wilderness,,0,,not recovered
3106,6,melding,,Melding,,0,empty invocation has unresolved CAIS instance,not recovered
3107,1,accord,"Arch_MedRangedHumanoid_Base(reviveOn=true,triggerPullTime=1500,fireRestDuration=500,entityCollision=false)",Wilderness,,0,,not recovered
3108,1,accord,"Arch_MedRangedHumanoid_Base(reviveOn=true,triggerPullTime=1500,fireRestDuration=500,entityCollision=false)",Wilderness,,0,,not recovered
3109,1,accord,"Arch_MedRangedHumanoid_Base(reviveOn=true,triggerPullTime=1500,fireRestDuration=500,entityCollision=false)",Wilderness,,0,,not recovered
3110,2,chosen,,Melding|Wilderness,,0,,not recovered
3111,1,accord,,Wilderness,,0,,not recovered
3112,1,accord,"AlertAndInteractive(interactionType=""holsterTalk"")",Settlement,,0,,not recovered
3113,1,accord,BasicCivilian_Stationary(greetingSet=1197),Settlement,,0,,not recovered
3114,1,accord,BasicCivilian_Stationary(greetingSet=1197),Settlement,,0,,not recovered
3115,1,accord,"AlertAndInteractive(interactionType = ""GENERIC"")",Settlement,,0,,not recovered
3116,1,accord,"AlertAndInteractive(interactionType = ""GENERIC"")",Settlement,,0,,not recovered
3117,1,accord,"AlertAndInteractive(greetingSet=310,  leashToSpawn=true, despawnWhenStuck=true, emote=""townstand4"")",Settlement,,104,vendor location/uniqueness not assigned,not recovered
3118,1,accord,"AlertAndInteractive(interactionType = ""GENERIC"")",Settlement,,0,,not recovered
3119,1,accord,"AlertAndInteractive(interactionType = ""GENERIC"")",Settlement,,0,,not recovered
3120,1,accord,"AlertAndInteractive(interactionType = ""GENERIC"")",Settlement,,0,,not recovered
3121,1,accord,"AlertAndInteractive(interactionType = ""GENERIC"")",Settlement,,0,,not recovered
3122,1,accord,Arch_MedRangedHumanoid_Base(combatDist=20),Wilderness,,0,,not recovered
3123,1,accord,"BasicCivilian_Stationary(greetingSet=1197, perceptionDist=10)",Settlement,,0,,not recovered
3125,8,bandit,Arch_Brute_Acolyte_Base,Wilderness,,0,,not recovered
3126,1,accord,"Arch_MedRangedHumanoid_Base(triggerPullTime=1500,fireRestDuration=1000)",Wilderness,,0,,not recovered
3127,1,accord,Arch_MedRangedHumanoid_Base,Wilderness,,0,,not recovered
3128,1,accord,Arch_MedRangedHumanoid_Base,Wilderness,,0,,not recovered
3129,1,accord,,Wilderness,,0,empty invocation has unresolved CAIS instance,not recovered
3130,1,accord,,Wilderness,,0,empty invocation has unresolved CAIS instance,not recovered
3131,1,accord,,Wilderness,,0,empty invocation has unresolved CAIS instance,not recovered
3132,1,accord,"UseAbilityOnInteract(interactionType=""HolsterTalk"", abilityId = 141780)",Settlement,,0,,not recovered
3133,2,chosen,,Melding|Wilderness,,0,empty invocation has unresolved CAIS instance,not recovered
3134,1,accord,,Wilderness,,0,,not recovered
3135,2,chosen,,Melding|Wilderness,,0,empty invocation has unresolved CAIS instance,not recovered
3136,1,accord,,Wilderness,,0,,not recovered
3137,1,accord,EliteWanderer,Wilderness,,0,,not recovered
3138,2,chosen,Null,Excluded,explicit classifier exclusion,0,,not recovered
3139,1,accord,"Arch_MedRangedHumanoid_Base(triggerPullTime=1500,fireRestDuration=1000)",Wilderness,,0,,not recovered
3140,1,accord,"PeacetimeCityWanderer(restFunction=""Repair Work"")",Settlement,,0,work destination requires placed station,not recovered
3141,1,accord,,Wilderness,,0,,not recovered
3142,7,gaea,,Wilderness,,0,empty invocation has unresolved CAIS instance,not recovered
3143,1,accord,"PeacetimeCityWanderer(restFunction=""Work"")",Settlement,,0,work destination requires placed station,not recovered
3144,6,melding,Null,Excluded,explicit classifier exclusion,0,,not recovered
3145,2,chosen,,Melding|Wilderness,,0,empty invocation has unresolved CAIS instance,not recovered
3146,1,accord,,Wilderness,,0,empty invocation has unresolved CAIS instance,not recovered
3147,1,accord,,Wilderness,,0,empty invocation has unresolved CAIS instance,not recovered
3148,1,accord,,Wilderness,,0,empty invocation has unresolved CAIS instance,not recovered
3149,1,accord,,Wilderness,,0,empty invocation has unresolved CAIS instance,not recovered
3150,1,accord,,Wilderness,,0,empty invocation has unresolved CAIS instance,not recovered
3151,6,melding,,Melding,,0,empty invocation has unresolved CAIS instance,not recovered
3152,2,chosen,,Melding|Wilderness,,0,empty invocation has unresolved CAIS instance,not recovered
3153,1,accord,"UseAbilityOnInteract(interactionType=""HolsterTalk"", abilityId = 142033)",Settlement,,0,,not recovered
3154,1,accord,"Arch_MedRangedHumanoid_Base(triggerPullTime=1500,fireRestDuration=1000)",Wilderness,,0,,not recovered
3155,1,accord,"UseAbilityOnInteract(interactionType=""HolsterTalk"", abilityId = 142035)",Settlement,,0,,not recovered
3156,6,melding,,Melding,,0,empty invocation has unresolved CAIS instance,not recovered
3157,1,accord,"UseAbilityOnInteract(interactionType=""HolsterTalk"", abilityId = 142039)",Settlement,,0,,not recovered
3158,1,accord,"UseAbilityOnInteract(interactionType=""HolsterTalk"", abilityId = 142048)",Settlement,,0,,not recovered
3159,1,accord,"UseAbilityOnInteract(interactionType=""HolsterTalk"", abilityId = 142040)",Settlement,,0,,not recovered
3160,1,accord,"AlertAndInteractive(emote=""calm"", interactionType=""HolsterTalk"")",Settlement,,0,,not recovered
3161,1,accord,,Wilderness,,0,empty invocation has unresolved CAIS instance,not recovered
3162,1,accord,"Arch_MedRangedHumanoid_Base(triggerPullTime=1500,fireRestDuration=1000)",Wilderness,,0,,not recovered
3163,1,accord,,Wilderness,,0,empty invocation has unresolved CAIS instance,not recovered
3164,1,accord,"UseAbilityOnInteract(interactionType=""HolsterTalk"", abilityId = 142041)",Settlement,,0,,not recovered
3165,6,melding,PeacetimeCityWandererCore,Settlement|Melding,,0,,not recovered
3166,1,accord,"UseAbilityOnInteract(interactionType=""HolsterTalk"", abilityId = 143056)",Settlement,,0,,not recovered
3167,1,accord,"Arch_MedRangedHumanoid_Base(triggerPullTime=1500,fireRestDuration=1000)",Wilderness,,0,,not recovered
3168,1,accord,"UseAbilityOnInteract(interactionType=""HolsterTalk"", abilityId = 143060)",Settlement,,0,,not recovered
3169,1,accord,"UseAbilityOnInteract(interactionType=""HolsterTalk"", abilityId = 142114)",Settlement,,0,,not recovered
3170,6,melding,,Melding,,0,empty invocation has unresolved CAIS instance,not recovered
3171,6,melding,,Melding,,0,empty invocation has unresolved CAIS instance,not recovered
3172,6,melding,,Melding,,0,empty invocation has unresolved CAIS instance,not recovered
3173,47,Ophanim,,Wilderness,,0,empty invocation has unresolved CAIS instance,not recovered
3174,47,Ophanim,,Wilderness,,0,empty invocation has unresolved CAIS instance,not recovered
3175,47,Ophanim,,Wilderness,,0,empty invocation has unresolved CAIS instance,not recovered
3176,47,Ophanim,,Wilderness,,0,empty invocation has unresolved CAIS instance,not recovered
3177,47,Ophanim,,Wilderness,,0,empty invocation has unresolved CAIS instance,not recovered
3178,9,neutral,,Wilderness,,0,,not recovered
3179,7,gaea,,Wilderness,,0,empty invocation has unresolved CAIS instance,not recovered
3180,1,accord,Arch_MedRangedHumanoid_Base,Wilderness,,0,,not recovered
3181,1,accord,Arch_MedRangedHumanoid_Base,Wilderness,,0,,not recovered
3182,1,accord,"Arch_MedRangedHumanoid_Base(triggerPullTime=1500,fireRestDuration=1000)",Wilderness,,0,,not recovered
3183,1,accord,,Wilderness,,0,empty invocation has unresolved CAIS instance,not recovered
3184,1,accord,,Wilderness,,0,empty invocation has unresolved CAIS instance,not recovered
3185,1,accord,,Wilderness,,0,empty invocation has unresolved CAIS instance,not recovered
3186,1,accord,Arch_MedRangedHumanoid_Base,Wilderness,,0,,not recovered
3187,1,accord,"PerformEmote(emote=""calm"")",Settlement,,0,,not recovered
3188,1,accord,Arch_MedRangedHumanoid_Base,Wilderness,,0,,not recovered
3189,1,accord,EliteWanderer,Wilderness,,0,,not recovered
3190,7,gaea,"GiantAranhaMiniBoss(eggSackCooldown =8000,speedMultiplier=1,combatDist=2, eggSackAbilityId=142116 )",Wilderness,,0,,not recovered
3191,1,accord,"Arch_MedRangedHumanoid_Base(triggerPullTime=1500,fireRestDuration=1000)",Wilderness,,0,,not recovered
3192,1,accord,"UseAbilityOnInteract(interactionType=""HolsterTalk"", abilityId = 142121)",Settlement,,0,,not recovered
3193,1,accord,"UseAbilityOnInteract(interactionType=""HolsterTalk"", abilityId = 142122)",Settlement,,0,,not recovered
3194,1,accord,"Arch_MedRangedHumanoid_Base(reviveOn=true,triggerPullTime=1500,fireRestDuration=500)",Wilderness,,0,,not recovered
3195,4,friendly,,Wilderness,,0,empty invocation has unresolved CAIS instance,not recovered
3196,1,accord,Arch_MedRangedHumanoid_Base,Wilderness,,0,,not recovered
3197,1,accord,,Wilderness,,0,,not recovered
3198,1,accord,"Arch_MedRangedHumanoid_Base(reviveOn=true,triggerPullTime=1500,fireRestDuration=500,entityCollision=false)",Wilderness,,0,,not recovered
3199,7,gaea,,Wilderness,,0,empty invocation has unresolved CAIS instance,not recovered
3200,4,friendly,,Wilderness,,0,empty invocation has unresolved CAIS instance,not recovered
3201,4,friendly,,Wilderness,,0,empty invocation has unresolved CAIS instance,not recovered
3202,1,accord,,Wilderness,,0,,not recovered
3203,1,accord,,Wilderness,,0,,not recovered
3204,1,accord,"OneOff_StandStill(groundOffset=0.2,groundOffsetChangeRate=2,groundOffsetGoal=0.2,groundOffsetMinGoal=0.2)",Wilderness,,0,,not recovered
3205,5,monster,Null,Excluded,explicit classifier exclusion,0,,not recovered
3206,1,accord,,Wilderness,,0,,not recovered
3207,1,accord,"AlertAndInteractive(interactionType = ""GENERIC"")",Settlement,,0,,not recovered
3208,1,accord,"AlertAndInteractive(interactionType = ""GENERIC"")",Settlement,,0,,not recovered
3209,1,accord,"AlertAndInteractive(interactionType = ""GENERIC"")",Settlement,,0,,not recovered
3210,1,accord,"AlertAndInteractive(interactionType = ""GENERIC"")",Settlement,,0,,not recovered
3211,1,accord,"AlertAndInteractive(interactionType = ""GENERIC"")",Settlement,,0,,not recovered
3212,1,accord,"AlertAndInteractive(interactionType=""HolsterTalk"",greetingSet=310)",Settlement,,105,vendor location/uniqueness not assigned,not recovered
3213,1,accord,,Wilderness,,0,empty invocation has unresolved CAIS instance,not recovered
3214,1,accord,"UseAbilityOnInteract(interactionType=""HolsterTalk"", abilityId = 143054)",Settlement,,0,,not recovered
3215,1,accord,"UseAbilityOnInteract(interactionType=""HolsterTalk"", abilityId = 143055)",Settlement,,0,,not recovered
3216,1,accord,"Arch_MedRangedHumanoid_Base(triggerPullTime=1500,fireRestDuration=1000)",Wilderness,,0,,not recovered
3217,1,accord,"UseAbilityOnInteract(interactionType=""HolsterTalk"", abilityId = 143061)",Settlement,,0,,not recovered
3218,1,accord,"UseAbilityOnInteract(interactionType=""HolsterTalk"", abilityId = 142121)",Settlement,,0,,not recovered
3219,4,friendly,,Wilderness,,0,empty invocation has unresolved CAIS instance,not recovered
3220,4,friendly,,Wilderness,,0,empty invocation has unresolved CAIS instance,not recovered
3221,4,friendly,,Wilderness,,0,empty invocation has unresolved CAIS instance,not recovered
3222,2,chosen,OneOff_FollowRoute,Melding|Wilderness,,0,route/follow/named-point assignment missing,not recovered
3223,1,accord,,Wilderness,,0,,not recovered
3224,1,accord,,Wilderness,,0,,not recovered
3225,1,accord,Arch_MedRangedHumanoid_Base,Wilderness,,0,,not recovered
3226,4,friendly,PassivePet,Excluded,explicit classifier exclusion,0,,not recovered
3227,2,chosen,,Melding|Wilderness,,0,empty invocation has unresolved CAIS instance,not recovered
3228,2,chosen,,Melding|Wilderness,,0,,not recovered
3229,6,melding,,Melding,,0,,not recovered
3230,5,monster,"Rabbit(maxPlayerDistance = 20, runAwaySpeedMult = 1.0, wanderCooldown = 2000)",Wilderness,,0,,not recovered
3231,1,accord,,Wilderness,,0,,not recovered
3232,1,accord,,Wilderness,,0,,not recovered
3233,1,accord,,Wilderness,,0,,not recovered
3234,1,accord,,Wilderness,,0,,not recovered
3235,1,accord,,Wilderness,,0,,not recovered
3236,1,accord,,Wilderness,,0,,not recovered
3237,1,accord,,Wilderness,,0,,not recovered
3238,1,accord,,Wilderness,,0,,not recovered
3239,1,accord,,Wilderness,,0,empty invocation has unresolved CAIS instance,not recovered
3240,2,chosen,,Melding|Wilderness,,0,empty invocation has unresolved CAIS instance,not recovered
3241,1,accord,,Wilderness,,0,,not recovered
3242,2,chosen,"PerformEmote(emote=""fear"")",Settlement|Melding|Wilderness,,0,,not recovered
3243,1,accord,"UseAbilityOnInteract(interactionType=""HolsterTalk"", abilityId = 143173)",Settlement,,0,,not recovered
3244,7,gaea,,Wilderness,,0,empty invocation has unresolved CAIS instance,not recovered
3245,1,accord,,Wilderness,,0,empty invocation has unresolved CAIS instance,not recovered
3246,4,friendly,,Wilderness,,0,empty invocation has unresolved CAIS instance,not recovered
3247,22,Black Hills Bandits,,Wilderness,,0,empty invocation has unresolved CAIS instance,not recovered
3248,46,Reapers,,Wilderness,,0,empty invocation has unresolved CAIS instance,not recovered
3249,2,chosen,,Melding|Wilderness,,0,empty invocation has unresolved CAIS instance,not recovered
3250,4,friendly,,Wilderness,,0,,not recovered
3251,2,chosen,,Melding|Wilderness,,0,,not recovered
3252,2,chosen,,Melding|Wilderness,,0,,not recovered
3253,4,friendly,"AlertAndInteractive(interactionType=""HolsterTalk"",greetingSet=225)",Settlement,,204,vendor location/uniqueness not assigned,not recovered
3254,2,chosen,,Melding|Wilderness,,0,,not recovered
3255,2,chosen,,Melding|Wilderness,,0,,not recovered
3256,2,chosen,"AlertAndInteractive(interactionType=""HolsterTalk"",greetingSet=225)",Settlement|Melding|Wilderness,,0,,not recovered
3257,2,chosen,"AlertAndInteractive(interactionType=""HolsterTalk"",greetingSet=225)",Settlement|Melding|Wilderness,,205,vendor location/uniqueness not assigned,not recovered
3258,1,accord,"AlertAndInteractive(emote=""calm"", interactionType=""HolsterTalk"")",Settlement,,0,,not recovered
3259,1,accord,"AlertAndInteractive(emote=""calm"", interactionType=""HolsterTalk"")",Settlement,,0,,not recovered
3261,1,accord,,Settlement,,2000,vendor location/uniqueness not assigned; empty invocation has unresolved CAIS instance,not recovered
3262,1,accord,"AlertAndInteractive(interactionType=""HolsterTalk"")",Settlement,,0,,not recovered
